Date,Open,High,Low,Close,Volume,MarketCap,btc_hash_rate,btc_difficulty,btc_n_transactions,btc_miners_revenue,Return,HL_Range,MA7,MA14,MA30,Volatility7,VolumeChange,Close_lag1,Close_lag2,RSI14,MACD,NextClose,Direction
2013-12-28,737.98,747.06,705.35,727.83,32505800.0,8990850000,9627.4577135,1180923195.26,47777.0,2884318.71,-0.009849402097759419,0.057307338252064244,694.7514285714286,683.7935714285713,827.6806666666668,0.056261871714975625,-0.3063609224393814,735.07,761.98,41.15778801167805,-22.58130742776791,745.05,1.0
2013-12-30,741.35,766.6,740.24,756.13,20707700.0,9037000000,11388.5780269,1180923195.26,56501.0,3594982.4,0.014871485135225848,0.03486173012577204,724.8357142857143,678.0142857142856,802.3399999999999,0.04894332272160673,0.08923114147901501,745.05,727.83,53.72515818554496,-14.040093338204429,754.01,0.0
2014-01-01,754.97,775.35,754.97,771.4,22489400.0,9203030000,11740.8020896,1180923195.26,41476.0,3741222.1,0.02306335459741904,0.026419497018408084,750.21,700.9135714285713,786.5476666666667,0.048135864179807156,0.07618687581649297,754.01,756.13,74.4062806673209,-6.448268097601158,802.39,1.0
2014-01-03,802.85,834.15,789.12,818.72,37810100.0,9786680000,11493.6340976,1418481395.26,63821.0,3296592.69,0.02035169929834635,0.055000488567519996,767.9328571428571,722.6157142857144,766.2696666666667,0.016999959291679793,-0.017651567310565164,802.39,771.4,80.13212015455565,5.243500785474907,859.51,1.0
2014-01-05,858.55,952.4,854.52,933.53,72898500.0,10465700000,12692.3566722,1418481395.26,55761.0,4043648.0,0.08611883515025998,0.10484933531862929,813.67,763.3442857142857,763.5523333333333,0.02894033682169698,0.9181291935271674,859.51,818.72,89.09899888765297,24.899369373079935,953.29,1.0
2014-01-07,946.49,965.74,802.0,802.0,81311700.0,11571400000,13185.9483205,1418481395.26,62126.0,4068012.2,-0.15870301796934827,0.2041645885286783,848.6914285714284,793.08,772.2586666666667,0.07866910198831957,-0.0497161830032361,953.29,933.53,63.3342456112914,31.306731732372555,842.72,1.0
2014-01-09,841.47,864.36,804.14,846.86,59998600.0,10295100000,12762.8697648,1418481395.26,58365.0,3671204.29,0.004912663755458402,0.07110974659329762,865.232857142857,810.6078571428571,765.8546666666666,0.07932834215195968,-0.1911275405928634,842.72,802.0,59.22608695652174,30.602257041530038,868.48,1.0
2014-01-11,867.32,921.48,861.72,913.95,44754200.0,10619900000,14596.210173,1418481395.26,56464.0,4626025.95,0.052355840088430305,0.06538650910881338,880.1185714285714,833.4314285714287,766.8776666666666,0.07966795008511343,0.4039740500928575,868.48,846.86,68.87856534263805,35.8720901951059,863.22,0.0
2014-01-13,860.19,861.29,806.05,841.2,45580900.0,10541500000,18058.6488747,1789546951.05,54756.0,4109431.21,-0.02550914019601025,0.06566809320019021,854.0614285714286,847.9485714285714,764.8523333333334,0.07450239563345581,0.15035017098439063,863.22,913.95,57.91510820819145,31.567339567961653,833.27,0.0
2014-01-15,833.12,872.81,830.86,860.9,28107200.0,10216700000,15211.9653082,1789546951.05,60392.0,3640023.8,0.03315852004752351,0.04872807527006613,861.1257142857143,860.0028571428572,768.5883333333333,0.03706763292994626,0.34937445390738264,833.27,841.2,58.08579069095114,27.352713344951667,835.63,0.0
2014-01-17,834.49,842.91,797.63,814.64,39031700.0,10241200000,13610.7058021,1789546951.05,58397.0,3044327.0,-0.025118772662542033,0.05558283413532355,851.83,862.0857142857143,783.4366666666666,0.03796853885105677,1.0382833837268204,835.63,860.9,49.63068901842934,20.137537387507223,840.0,1.0
2014-01-19,839.66,870.96,825.53,870.96,24365700.0,10311500000,16368.4305071,1789546951.05,49224.0,3841796.0,0.03685714285714292,0.05216083402222842,842.3714285714286,856.2228571428572,796.5593333333333,0.030658022516463036,0.3496983830673528,840.0,814.64,43.66559355322036,19.635490907201188,870.2,0.0
2014-01-21,869.65,881.2,855.93,863.91,18997300.0,10687700000,15300.9241697,1789546951.05,71521.0,3550168.96,-0.007228223396920308,0.02925073213644951,850.8914285714285,854.71,813.6016666666667,0.028166277619591756,-0.3130037934812876,870.2,870.96,59.383430840583216,19.857486542935362,845.59,0.0
2014-01-23,845.46,851.57,819.32,822.04,15607100.0,10398000000,15834.6773384,1789546951.05,63527.0,3630947.32,-0.02785037666008361,0.03923166755875627,846.7628571428571,853.1421428571429,824.5563333333333,0.026481677651948966,-0.15425632799926303,845.59,863.91,46.20373202814316,14.327631485996562,797.07,0.0
2014-01-25,796.24,861.45,792.96,853.61,24303900.0,9799920000,16903.7992187,2193847870.17,55371.0,3132922.0,0.07093479870023955,0.08023570483007464,846.1971428571429,843.7314285714285,831.4393333333334,0.03771070625336351,-0.3038525435380385,797.07,822.04,41.16078753076291,9.861302275526896,885.28,1.0
2014-01-27,884.6,893.0,757.11,771.39,49233600.0,10894400000,17558.1398336,2193847870.17,60746.0,3136749.0,-0.1286485631664558,0.17616251182929515,834.1271428571428,840.3207142857143,837.8983333333332,0.06260330775145828,0.5278407909558935,885.28,853.61,41.571487214159795,5.645573770878286,812.51,1.0
2014-01-29,809.96,836.87,809.85,826.0,17984400.0,9981850000,17230.9695261,2193847870.17,61786.0,3184666.8,0.016602872580029793,0.03271186440677964,823.9857142857143,836.345,842.4760000000001,0.06802310766358043,-0.5992378914998162,812.51,771.39,45.971651507456485,2.5999448195848345,819.03,0.0
2014-01-31,818.43,831.87,812.6,829.92,17107900.0,10092900000,20066.4455241,2193847870.17,61999.0,3702735.0,0.013296216255814786,0.02321910545594754,828.2485714285714,836.2507142857141,846.5940000000002,0.06570763250436011,-0.4281774973093301,819.03,826.0,51.88744503186916,1.3516252931125337,832.58,1.0
2014-02-02,832.9,844.72,820.67,825.37,11300900.0,10279200000,19412.1049092,2193847870.17,50400.0,3654462.63,-0.008659828484950394,0.029138446999527567,816.6857142857143,832.4642857142857,847.822,0.05700580274822878,-0.42543737003462356,832.58,829.92,43.63854547484162,1.0120842370116634,823.83,0.0
2014-02-04,823.77,840.17,820.94,827.96,16609700.0,10174000000,18430.5939868,2193847870.17,65812.0,3428753.9,0.005013170192879501,0.023225759698536044,826.3842857142857,826.5842857142858,843.1136666666666,0.009875218684971997,0.19150508245995357,823.83,825.37,44.964280711584266,0.42379260886923475,811.91,0.0
2014-02-06,815.59,819.81,770.59,781.55,50108700.0,10079900000,21761.8906024,2621404453.06,69721.0,3259042.0,-0.037393307139953924,0.06297741667199784,819.0171428571429,821.2864285714286,837.7193333333332,0.017152165610565043,1.2374849855548757,811.91,827.96,44.39956845279261,-4.387118074337536,712.4,0.0
2014-02-08,699.57,721.82,661.87,673.92,38742600.0,8651930000,22804.3763798,2621404453.06,64069.0,3101609.0,-0.05401459854014601,0.08895714624881298,779.5628571428572,802.4035714285714,827.6106666666667,0.033248279690939825,-0.659085029434281,712.4,781.55,26.82077345785713,-21.904788117522457,682.9,1.0
2014-02-10,681.32,703.71,550.5,681.03,112758000.0,8431680000,19937.540492,2621404453.06,67622.0,2552270.0,-0.002738321862644666,0.2249680630809216,738.8100000000001,781.4935714285714,813.6606666666667,0.036310852340214445,1.8683282711885103,682.9,673.92,32.13523131672599,-33.054890590174296,672.17,0.0
2014-02-12,672.38,672.9,643.04,651.72,25367600.0,8326420000,21761.8906024,2621404453.06,62805.0,2794771.9,-0.03042385110909429,0.04581722211992882,693.67,759.0207142857142,800.9763333333334,0.03405652390527748,-0.6512814591203269,672.17,681.03,11.713532513181036,-41.560534583876915,605.24,0.0
2014-02-14,601.17,691.72,541.04,661.99,102506000.0,7449940000,24889.3479345,2621404453.06,76660.0,3220703.2,0.09376445707487946,0.2276167313705646,661.2814285714286,731.7550000000001,786.7450000000001,0.05397976460425924,1.6564148014543343,605.24,651.72,23.171549988816835,-48.41917062076823,650.92,0.0
2014-02-16,651.3,665.1,584.17,616.63,40061700.0,8077340000,25149.9693788,2621404453.06,56785.0,3015246.0,-0.052679284704725604,0.13124564163274582,648.5285714285714,703.8692857142858,773.9876666666667,0.05290919695322236,0.49992137540622705,650.92,661.99,20.04821213338691,-51.420754135114976,626.27,1.0
2014-02-18,627.16,645.76,612.54,626.6,20015100.0,7783430000,25980.5116973,3129573174.52,68333.0,2631807.23,0.0005269292797036584,0.05301627832748169,634.1957142857143,675.375,758.7180000000001,0.05411068173324439,-0.3735179226502736,626.27,616.63,21.459349132554706,-51.933752151608246,623.03,0.0
2014-02-20,623.09,627.73,556.14,556.14,46905000.0,7738580000,26602.7994026,3129573174.52,71666.0,2499200.3,-0.10736240630467231,0.12872657963822065,623.0828571428572,645.7828571428571,740.22,0.06177740951355253,2.3749946034624183,623.03,626.6,20.089700379501608,-55.96433002237586,574.16,1.0
2014-02-22,574.24,614.48,558.58,605.42,31254000.0,7136600000,25513.7959183,3129573174.52,59691.0,2483565.76,0.054444754075519075,0.09233259555350001,604.0357142857143,631.0157142857142,723.9516666666666,0.05481918740527292,-0.3393520348523825,574.16,556.14,39.245117126169696,-55.31037360972584,605.82,1.0
2014-02-24,606.04,607.61,538.7,546.32,57893900.0,7537080000,28314.0905923,3129573174.52,68496.0,2486835.0,-0.09821399095440886,0.12613486601259327,591.0699999999999,615.8878571428571,707.3336666666667,0.06198152012322496,0.8417370778510167,605.82,605.42,31.67260754809395,-55.40398292485793,538.71,0.0
2014-02-26,537.04,603.8,532.58,582.69,64642700.0,6683680000,28158.5186659,3129573174.52,71527.0,2657039.82,0.08163947207217248,0.12222622663852119,572.7514285714285,601.4242857142857,689.4913333333334,0.07266816199188858,-0.4882380417055908,538.71,546.32,41.14523204802587,-54.50263343659071,578.77,0.0
2014-02-28,579.7,584.14,545.17,549.26,28076100.0,7219990000,35659.9638678,3815723798.81,71658.0,2725128.55,-0.050987438879002034,0.07095000546189424,572.4271428571429,591.4814285714285,672.4753333333333,0.06049521434435582,0.09926470588235303,578.77,582.69,32.38538704334512,-51.90044107479446,565.61,1.0
2014-03-02,567.23,570.48,553.27,559.79,7950760.0,7069290000,28262.4181718,3815723798.81,59067.0,2091711.68,-0.010289775640459076,0.03074367173404319,560.1642857142858,581.3278571428572,655.0236666666666,0.05696039578525118,-0.574099131673818,565.61,549.26,40.424528301886795,-48.19752113740594,667.76,1.0
2014-03-04,668.24,696.22,655.68,666.78,55344600.0,8332950000,26365.6115831,3815723798.81,85916.0,2366891.73,-0.001467593147238544,0.06079966405711041,595.8085714285714,587.1614285714286,644.2433333333335,0.08126977191463552,-0.42383524765009073,667.76,559.79,55.076052352316935,-29.150634945062166,665.51,0.0
2014-03-06,664.52,669.77,649.79,663.86,16068100.0,8291650000,30728.2667371,3815723798.81,71619.0,2670129.28,-0.0024793015882556,0.030096707137046996,619.7957142857142,597.89,633.496,0.07889842663498066,-0.2846508977423994,665.51,666.78,66.40872532293443,-16.650247627250224,629.15,0.0
2014-03-08,629.66,635.14,604.46,617.45,18654200.0,7862010000,33194.1153025,3815723798.81,71019.0,2671683.0,-0.018596519113089016,0.049688233865090206,638.6142857142858,602.6771428571428,621.934,0.08041330092554007,-0.453769750635417,629.15,663.86,51.84866459722779,-14.245576666261627,636.96,1.0
2014-03-10,636.33,644.76,615.02,627.79,20639800.0,7950820000,31297.3087138,3815723798.81,66786.0,2574416.61,-0.014396508414971199,0.04737252903040828,643.9285714285714,610.7207142857143,617.8816666666667,0.025135872580093095,0.34055142402494076,636.96,617.45,63.84837667856534,-10.89706033812513,634.11,1.0
2014-03-12,631.91,648.03,629.51,632.1,18621200.0,7900600000,31866.3506904,3815723798.81,76019.0,2707735.7,-0.003169797038368727,0.029299161525075116,634.4885714285714,621.0642857142857,614.6243333333334,0.026000301489531242,0.5871468144044321,634.11,627.79,59.84694487624057,-8.240137808898567,638.14,1.0
2014-03-14,638.14,639.53,627.21,628.8,11913800.0,7983980000,29367.8475506,4250217919.87,68735.0,2220643.83,-0.014636286708245905,0.01959287531806606,630.7642857142857,630.9864285714285,612.726,0.018112611365339152,0.023970983850312377,638.14,632.1,67.08039855694896,-6.292209998127873,636.12,1.0
2014-03-16,636.5,637.52,628.11,631.11,5277290.0,7968200000,33382.1576475,4250217919.87,58730.0,2514362.4,-0.007875872476891144,0.014910237518023749,632.5957142857143,641.1171428571428,612.726,0.011623451618249549,0.21538295010686115,636.12,628.8,65.99103139013454,-4.790180038953963,622.37,0.0
2014-03-18,621.84,622.39,603.8,614.83,24011500.0,7789810000,30635.5244233,4250217919.87,57881.0,2279145.0,-0.0121149798351462,0.03023600019517595,629.0671428571429,634.1642857142858,611.7143333333333,0.010948604701161085,0.6392116437514508,622.37,631.11,30.069822757615313,-5.824200587350674,609.89,0.0
2014-03-20,609.75,609.75,587.49,588.77,20572900.0,7642910000,35283.6729565,4250217919.87,72117.0,2470920.0,-0.03462919542868392,0.037807632861728675,618.8414285714287,624.8278571428572,609.9073333333333,0.013608853262509575,0.4458531580094034,609.89,614.83,25.53593536196,-9.077289398646144,571.49,0.0
2014-03-22,571.18,572.55,554.39,565.04,17360700.0,7164770000,37185.1882655,4250217919.87,69139.0,2458598.0,-0.011286286724177197,0.032139317570437434,600.5,616.9657142857143,608.486,0.010746055465469464,-0.5480643826095106,571.49,588.77,29.964064530927445,-14.98360584637146,561.27,0.0
2014-03-24,562.51,586.56,551.77,583.41,22706900.0,7061380000,42044.6162775,4250217919.87,67382.0,2852564.0,0.03944625581271044,0.059632162630054275,584.9571428571428,608.3892857142856,607.3226666666667,0.02394177953832017,1.444651393135524,561.27,565.04,32.66677081705984,-17.17188695589266,583.92,1.0
2014-03-26,583.48,590.03,570.96,580.83,16401100.0,7329720000,39324.9976022,5006860589.21,69897.0,2322300.5,-0.00529182079736934,0.03283232615395199,576.39,601.1421428571429,607.743,0.024162279393360537,0.16982760465331914,583.92,583.41,29.207559412766642,-16.610000763603125,471.24,0.0
2014-03-28,477.14,526.02,473.23,495.67,58828300.0,5997850000,45547.3073494,5006860589.21,69155.0,2307261.0,0.05184194890077243,0.10650231000464011,548.7685714285715,579.7114285714285,602.5933333333334,0.07957660683529988,-0.05459346183391345,471.24,580.83,22.485843012441634,-29.328279291343847,491.17,0.0
2014-03-30,492.37,492.37,444.18,460.27,42958300.0,6193560000,37084.9660932,5006860589.21,55333.0,1677089.7,-0.06291100840849406,0.10469941556043191,523.7871428571428,557.155,596.707,0.08123730116678758,2.8537646562783143,491.17,495.67,17.76603773584904,-37.521063793401595,457.0,0.0
2014-04-01,457.0,495.34,457.0,478.38,35685800.0,5752280000,44551.7377898,5006860589.21,64692.0,2151561.37,0.046783369803063524,0.08014549103223374,490.65142857142854,535.5964285714285,590.3729999999999,0.08190183538743895,0.26303532243222194,457.0,460.27,25.042982038994765,-41.71771688478441,437.14,0.0
2014-04-03,436.44,449.56,414.89,444.72,40765500.0,5497550000,51769.6170966,5006860589.21,67292.0,2326614.03,0.017339982614265503,0.07795916531750317,466.3357142857143,512.967857142857,575.2836666666666,0.05220418805043617,-0.1789029076934232,437.14,478.38,25.677911727957337,-46.49227754051765,447.53,1.0
2014-04-05,446.68,463.57,444.2,461.91,13404500.0,5630890000,54454.1688771,6119726089.13,59610.0,2027406.08,0.0321319241168192,0.04193457599965362,455.2785714285714,496.7471428571429,561.286,0.049312926287102994,-0.4153017382390788,447.53,444.72,32.19379122207259,-45.521141755155156,460.5,0.0
2014-04-07,461.47,462.56,445.12,449.42,15616600.0,5821160000,44415.1321567,6119726089.13,62222.0,1640071.62,-0.02406080347448425,0.038805571625650834,454.22857142857146,479.9785714285714,550.0633333333333,0.043903753174669734,0.5248501181479095,460.5,461.91,25.74139117210416,-43.265000300055135,453.09,1.0
2014-04-09,453.18,455.73,441.93,442.73,13204400.0,5719730000,44110.9189228,6119726089.13,64278.0,1611997.8,-0.022865214416561752,0.03117023919770517,451.4142857142857,460.7692857142857,537.7656666666667,0.02050565413139086,0.2090169938470554,453.09,449.42,25.90718771807397,-41.1271749655221,365.18,0.0
2014-04-11,363.71,429.77,351.27,420.95,62562800.0,4593400000,45327.7718586,6119726089.13,66874.0,1600254.61,0.15271920696642738,0.18648295522033495,436.2542857142857,447.8564285714286,521.763,0.09666788259888179,0.11982644898806649,365.18,442.73,36.93249387897866,-45.30973307501836,421.12,1.0
2014-04-13,421.46,427.4,395.25,414.06,22493500.0,5326230000,60538.4335561,6119726089.13,49420.0,2018520.0,-0.016764817629179363,0.07764575182340717,423.79285714285714,439.5521428571429,507.371,0.09538996644309182,0.1699217226224221,421.12,420.95,41.03519186745819,-43.09478132560207,458.79,1.0
2014-04-15,458.37,519.0,453.54,515.59,49561000.0,5797070000,59321.5806203,6119726089.13,74882.0,2396149.81,0.12380391900433763,0.1269613452549506,434.06,442.33785714285716,497.6093333333334,0.11377634345869818,-0.02304741554340417,458.79,414.06,55.56020441708258,-29.576052139743126,527.39,1.0
2014-04-17,529.07,533.52,484.87,495.96,34025500.0,6695650000,60364.1060676,6978842649.59,67212.0,2160675.0,-0.05959536585828329,0.09809258811194448,464.83714285714285,452.44428571428574,490.48099999999994,0.08060200509519719,-0.3975665765464296,527.39,515.59,57.786760683241134,-17.368583799695557,479.64,0.0
2014-04-19,479.58,503.56,470.56,501.56,19588200.0,6073340000,56547.9844197,6978842649.59,56685.0,2043591.2,0.045700942373446685,0.06579472047212696,484.71285714285716,457.57,483.2323333333333,0.069887197743239,0.028662353484854908,479.64,495.96,55.66315308366898,-11.694251582066158,498.17,0.0
2014-04-21,497.74,510.57,493.2,495.77,15171400.0,6307460000,61404.8665171,6978842649.59,57961.0,2202474.0,-0.004817632535078498,0.035036408011779666,502.01142857142855,463.57142857142856,478.4793333333334,0.05990115405096084,0.25351356264097635,498.17,501.56,56.74927920319189,-7.03799361455043,487.92,0.0
2014-04-23,488.36,493.25,485.82,491.3,9814530.0,6192560000,60711.0262174,6978842649.59,72147.0,2138759.7,0.006927365141826458,0.015123142682678621,492.9028571428571,469.52857142857147,472.964,0.03277156459222427,-0.1590597126185641,487.92,495.77,57.13069266230143,-4.884713909700508,500.46,1.0
2014-04-25,500.09,500.3,442.95,461.45,46856500.0,6345230000,56894.9045695,6978842649.59,78038.0,1888943.1,-0.0779482875754306,0.12428215407953196,490.94714285714286,482.0842857142857,466.2026666666667,0.0381089245992807,2.601741817455071,500.46,491.3,57.928118393234676,-4.970812646589877,458.6,0.0
2014-04-27,457.24,459.33,436.39,436.39,10949500.0,5805530000,57935.6650189,6978842649.59,50392.0,1842258.6,-0.04843000436109912,0.052567657370700516,475.9842857142857,486.3564285714286,463.80533333333335,0.03366961168513837,-0.10357277356606032,458.6,461.45,54.086001829826166,-9.434976088814153,440.29,1.0
2014-04-29,439.98,451.64,435.18,447.21,16401400.0,5590030000,54813.3836706,6978842649.59,64207.0,1773787.4,0.015716913852233727,0.036805974821672104,462.24285714285713,480.1507142857143,461.674,0.036999433571553685,-0.31307640116264457,440.29,436.39,31.26985866111535,-12.077712752338527,447.64,1.0
2014-05-01,447.63,460.61,447.63,457.76,12871800.0,5690670000,66817.8858734,8000872135.97,60910.0,1937562.12,0.02260745241712092,0.028355470115344325,449.9057142857143,471.7257142857143,460.67466666666667,0.037153921440987205,-0.1556651732710611,447.64,447.21,37.254771119711734,-11.909960689606464,449.38,0.0
2014-05-03,449.4,449.4,430.68,437.76,9849640.0,5716960000,57272.4736058,8000872135.97,56112.0,1568979.5,-0.025857848591392618,0.042763157894736774,445.2042857142857,465.00714285714287,460.85066666666665,0.02551755267551724,-0.052390756383367654,449.38,457.76,25.763561768728152,-12.803481574123396,436.4,0.0
2014-05-05,434.78,440.97,427.62,433.48,10004800.0,5534140000,49715.6888939,8000872135.97,63433.0,1342102.71,-0.006691109074243751,0.03079726861677591,444.23285714285714,456.1457142857143,459.532,0.01725520401133071,0.7798144899897888,436.4,437.76,26.06256244716009,-13.984600695506856,428.96,0.0
2014-05-07,429.34,446.13,428.45,438.82,18332200.0,5468310000,64829.2583176,8000872135.97,70424.0,1825905.2,0.022985826184259706,0.040289868283122934,440.36571428571426,448.18571428571425,458.1273333333333,0.018955570038035694,0.46572001950860686,428.96,433.48,30.309170043523935,-14.177872234558208,440.17,1.0
2014-05-09,440.18,452.69,440.14,449.46,10347900.0,5609930000,66022.4348511,8000872135.97,67693.0,1882663.3,0.021105481972873985,0.027922395763805483,437.8642857142857,443.0228571428571,457.921,0.017391876654611862,0.09541230794636779,440.17,438.82,43.737595320171316,-12.17386660104745,454.43,1.0
2014-05-11,453.92,455.34,433.4,438.89,12251700.0,5789010000,66022.4348511,8000872135.97,51666.0,1809165.0,-0.03419668595823344,0.04998974686140035,440.6014285714286,442.9035714285714,461.49399999999997,0.020089867525934137,0.8333732379612726,454.43,449.46,51.370914674270665,-10.406930714920861,441.46,1.0
2014-05-13,441.53,441.98,436.97,440.67,7682670.0,5634510000,74817.9710179,8853416309.13,70672.0,1871243.85,-0.0017895166039957333,0.011369051671318653,443.41428571428565,442.52,463.059,0.019147110295927156,0.04048067586070525,441.46,438.89,46.094123268036334,-9.57160531563676,443.97,1.0
2014-05-15,444.14,449.8,443.63,447.25,7362980.0,5671210000,73057.5481704,8853416309.13,72761.0,1868696.38,0.007387886568912316,0.013795416433761913,445.1614285714286,441.50714285714287,460.287,0.01753298509178007,-0.22273713812789242,443.97,440.67,43.41065830721004,-7.992246568089854,448.06,1.0
2014-05-17,448.12,451.98,447.3,448.9,2945790.0,5725990000,80539.3452722,8853416309.13,55577.0,2058582.72,0.0018747489175556797,0.010425484517709973,444.17142857142863,442.2085714285714,456.074,0.014749246469322751,-0.545058763571219,448.06,447.25,59.07166123778501,-6.312432441977705,446.26,0.0
2014-05-19,446.08,447.56,443.1,446.18,6242620.0,5703760000,77898.711001,8853416309.13,60368.0,1979872.7,-0.0001792676914802449,0.009995965753731632,445.8985714285714,443.82,453.1153333333333,0.004811131196153554,1.1843916538072592,446.26,448.9,60.61163101604278,-5.3526096642601715,485.72,1.0
2014-05-21,485.8,494.37,483.49,491.77,14626000.0,6215880000,78338.8167129,8853416309.13,71120.0,2208604.81,0.012455735814872693,0.0221241637350794,459.16285714285715,451.6564285714286,452.567,0.03290553513084359,-0.6373194470274626,485.72,446.18,79.07742998352556,1.5205396203144232,524.58,1.0
2014-05-23,525.72,541.96,520.08,520.22,34934700.0,6731160000,69536.7024755,8853416309.13,74593.0,2089836.14,-0.00831141103358879,0.04205912883011033,480.5185714285714,462.74000000000007,454.753,0.0389908797023427,0.05585964063893134,524.58,491.77,80.09015138629022,10.346322372575798,525.14,1.0
2014-05-25,525.23,576.48,525.23,571.59,47010300.0,6729120000,78483.2567557,10455720138.5,53928.0,2175800.0,0.08845260311535985,0.08966217043685158,509.31428571428575,477.26928571428573,459.247,0.04279997951696276,3.0881010148443817,525.14,520.22,94.6981945567233,19.47308513713017,583.42,1.0
2014-05-27,582.59,589.52,554.43,571.24,38032000.0,7468620000,67048.610076,10455720138.5,67040.0,1883513.19,-0.020876898289396872,0.061427771164484335,541.1371428571429,496.7357142857143,467.9026666666667,0.039565472253370405,0.2694343753963644,583.42,571.59,88.60961618073219,27.89016805906158,577.06,1.0
2014-05-29,576.33,577.1,561.6,568.18,18707800.0,7392820000,68088.1234105,10455720138.5,65930.0,1867016.0,-0.015388347832114513,0.02728008729627935,559.5500000000001,514.88,476.49399999999997,0.0369096579157453,-0.030131162838923697,577.06,571.24,84.1205349585238,31.279886137812696,615.33,1.0
2014-05-31,615.69,624.72,604.47,623.68,15107100.0,7902400000,79003.0134229,10455720138.5,55166.0,2363294.05,0.013569954333446876,0.03246857362750129,587.2142857142857,539.3121428571428,487.6143333333333,0.04376034692110765,-0.5276876324823201,615.33,568.18,87.82134510516751,38.869519648138066,630.23,1.0
2014-06-02,629.64,665.5,618.75,660.62,45450200.0,8086630000,93036.4434388,10455720138.5,61179.0,2832232.65,0.048220490931881965,0.07076685537828101,606.62,567.7700000000001,501.0713333333333,0.03628091613788146,0.004222355283246992,630.23,623.68,90.41767189384802,45.825405656651355,667.61,1.0
2014-06-04,666.77,668.56,624.09,641.61,37731500.0,8569660000,95115.4701079,10455720138.5,66435.0,2957055.42,-0.03894489297643833,0.06931001698851313,629.6085714285715,591.465,515.716,0.03998892817595105,-0.07188029625839709,667.61,660.62,79.65015038784234,49.05176984489492,659.26,1.0
2014-06-06,659.28,661.37,652.3,653.7,18680100.0,8478870000,86494.3621242,11756551916.9,64859.0,2433488.25,-0.008433698389102906,0.013874866146550481,648.1014285714285,610.6192857142858,530.5553333333334,0.027413847558720582,-0.3693693389554138,659.26,641.61,77.9574396782842,49.47121511457806,654.97,1.0
2014-06-08,654.99,658.88,653.47,656.14,8614190.0,8428530000,87663.2048556,11756551916.9,47730.0,2450216.0,0.0017863413591461264,0.008245191574968709,656.2728571428571,625.9321428571428,544.6046666666667,0.027473373304311214,-0.4566996524821353,654.97,653.7,72.27461931608622,47.64951985778475,649.16,0.0
2014-06-10,650.04,659.62,646.56,653.15,17913400.0,8369550000,103442.58173,11756551916.9,65460.0,2883561.93,0.006146404584385978,0.019995406874378105,652.5699999999999,636.4785714285715,558.2376666666667,0.02017288202630725,-0.06042359457446478,649.16,656.14,73.17114568599717,44.00528753073331,633.02,0.0
2014-06-12,633.43,638.11,573.27,586.95,50818800.0,8160590000,90585.3116841,11756551916.9,61583.0,2398279.0,-0.0727781112761049,0.1104693755856547,641.0128571428571,641.8164285714286,569.499,0.027862918901790303,1.0195201042767787,633.02,653.15,54.111719605695534,33.71392215961862,600.16,1.0
2014-06-14,600.75,601.27,549.82,577.36,38481200.0,7744580000,102858.160364,11756551916.9,58961.0,2459869.28,-0.037989869368168394,0.0891125121241512,622.277142857143,637.4242857142857,579.0423333333333,0.032227182214694,0.07788362693168471,600.16,586.95,38.90592067445871,23.19991297453612,592.94,1.0
2014-06-16,592.65,608.72,587.07,592.19,28677500.0,7645650000,118637.537238,11756551916.9,65347.0,3026170.0,-0.0012648834620703209,0.03655921241493435,605.11,629.8728571428571,588.648,0.03623349274562331,0.21613254795194425,592.94,577.36,31.81504119053946,16.523622764304378,610.86,1.0
2014-06-18,609.77,615.88,604.4,607.96,17862000.0,7872150000,113768.842859,13462580114.5,66992.0,2576805.2,-0.004747405297449436,0.018882821238239388,595.4885714285714,623.4157142857142,599.5273333333333,0.038318803099761684,-0.03953799745124287,610.86,592.19,40.47982798619362,14.11698765591916,598.07,0.0
2014-06-20,597.4,599.75,587.76,594.15,18134100.0,7717370000,123807.27017,13462580114.5,59884.0,2750677.88,-0.006554416707074573,0.020180089203063217,596.2185714285715,614.7914285714286,606.6850000000001,0.024108191343615214,0.4163060966275638,598.07,607.96,32.20582083308429,10.175674010332045,594.99,1.0
2014-06-22,595.9,606.0,594.63,602.27,10877700.0,7703560000,129161.098069,13462580114.5,50429.0,2881450.72,0.01223549975629834,0.01887857605392931,600.0699999999999,606.6592857142857,611.7669999999999,0.015487839117188849,0.17516845301951434,594.99,594.15,34.43153574937864,7.798538036540322,593.98,0.0
2014-06-24,593.97,596.97,582.36,582.36,14144900.0,7683850000,132507.240506,13462580114.5,64766.0,2904863.94,-0.01956294824741578,0.02508757469606431,596.2542857142856,597.6614285714286,614.4206666666666,0.011068758437017014,0.006482232563434831,593.98,602.27,30.546853531189868,4.379529993615392,566.34,0.0
2014-06-26,566.14,581.63,564.73,581.14,14655900.0,7329110000,114438.071346,13462580114.5,62354.0,2438734.0,0.026132711798566133,0.02908077227518322,587.8900000000001,592.4835714285715,614.1813333333333,0.018697585732136805,-0.2915645528502443,566.34,582.36,48.01801187146071,0.2931263363858534,597.26,1.0
2014-06-28,599.08,604.47,595.92,596.55,13398100.0,7761630000,125145.727144,13462580114.5,56883.0,2796722.72,-0.0011887620131936227,0.014332411365350883,588.5571428571428,593.6471428571429,615.8003333333334,0.022098238112283345,-0.35631239610657905,597.26,581.14,57.53198838213358,0.9199920010377127,602.72,1.0
2014-06-30,602.62,645.15,599.88,639.8,46422400.0,7812050000,104506.281189,16818461371.2,62009.0,1943700.0,0.06152110432705049,0.0707564864020006,595.1671428571428,597.7464285714285,615.9173333333333,0.030625547448215565,4.2174831721826544,602.72,596.55,65.4267383837729,5.053286989066464,640.81,1.0
2014-07-02,641.04,656.68,638.34,650.88,25768200.0,8314310000,116210.984683,16818461371.2,67724.0,2281152.0,0.015714486353209267,0.028177236971484634,615.5942857142857,602.9514285714286,615.9453333333333,0.021295353543320183,-0.32976125140780777,640.81,639.8,64.92142956473367,10.649252483017335,645.16,0.0
2014-07-04,644.65,648.43,629.4,630.69,22237200.0,8365570000,133768.039923,16818461371.2,61901.0,2548314.9,-0.02242854485708956,0.03017330225625897,629.5157142857142,608.925,614.833,0.026654687358954664,0.17352894611852876,645.16,650.88,62.1637816245007,12.319223847574563,631.46,1.0
2014-07-06,631.77,638.65,631.16,635.81,10080000.0,8203530000,124571.487178,16818461371.2,53366.0,2369185.66,0.0068887973901750055,0.011780248816470345,639.2299999999999,613.9257142857143,613.31,0.026520971881790503,0.10696973623810391,631.46,630.69,61.39266304347826,12.396635061749294,624.09,0.0
2014-07-08,622.57,626.7,620.91,624.82,10005500.0,8088590000,135440.140422,16818461371.2,70042.0,2533469.4,0.001169703087695817,0.0092666688006147,634.7014285714286,619.1092857142858,611.2366666666666,0.013726292882381768,-0.4383224053532133,624.09,635.81,65.1925003578074,10.615189625784524,624.51,0.0
2014-07-10,624.83,626.12,612.35,616.76,15880700.0,8122830000,128751.738425,16818461371.2,64146.0,2392970.58,-0.01240972922771455,0.02232635060639468,626.8771428571429,625.8085714285714,609.202,0.011288936924026329,0.6173192180585896,624.51,624.82,65.22482475636862,8.47512746957841,632.0,1.0
2014-07-12,631.88,636.66,626.98,633.71,13329000.0,8219370000,137948.29117,16818461371.2,54181.0,2612605.32,0.0027056962025318043,0.015275125846207176,627.3857142857142,630.9442857142858,610.7266666666667,0.01389427091508647,-0.1905678595502548,632.0,616.76,65.86678052946205,8.624482451346353,626.5,0.0
2014-07-14,626.56,627.34,617.32,619.32,12706800.0,8155140000,124959.983751,17336316978.5,59877.0,2264500.8,-0.01146049481245004,0.016179035070722696,625.3742857142857,631.1800000000001,613.0033333333333,0.013082926212191467,0.12539190505712505,626.5,633.71,38.39528558476884,6.881592004832555,621.59,1.0
2014-07-16,622.01,623.09,615.33,616.8,13182400.0,8100510000,142195.843579,17336316978.5,67767.0,2562788.76,-0.007706044177030025,0.012581063553826186,623.8114285714286,627.3728571428572,614.7786666666667,0.013449682777987242,0.2123753816723688,621.59,619.32,29.767276181429537,5.02294802218853,623.09,1.0
2014-07-18,622.37,629.21,620.47,628.78,14158100.0,8110060000,137025.08563,17336316978.5,62427.0,2510621.96,0.009131907108122395,0.01389993320398233,624.2557142857142,625.66,615.8803333333333,0.009353816412217976,-0.14590358756567956,623.09,616.8,48.743586370214395,4.722223614803738,628.51,0.0
2014-07-20,628.56,628.56,622.77,623.9,5760120.0,8196210000,146504.808536,17336316978.5,54742.0,2656636.43,-0.007334807719845404,0.00928033338676064,623.1414285714285,624.5985714285715,617.8866666666667,0.008595718314402196,-0.2024236952768127,628.51,628.78,42.140688927015994,4.2959931167268905,622.21,0.0
2014-07-22,622.27,624.3,620.96,621.55,9602880.0,8119060000,123236.397768,17336316978.5,66921.0,2227013.58,-0.0010607351215828897,0.005373662617649293,623.5485714285714,624.2307142857143,619.4366666666666,0.007178847215651494,-0.10353158636656434,622.21,623.9,47.510278666057495,3.280613379096849,619.41,0.0
2014-07-24,619.5,620.43,595.57,601.73,20917200.0,8087290000,128407.155717,17336316978.5,64815.0,2245407.3,-0.02854329119646104,0.041314210692503114,620.87,622.7928571428572,620.9300000000001,0.011572073723158893,0.8918293146175136,619.41,621.55,40.294459511817145,0.770275032437894,601.09,0.0
2014-07-26,601.54,602.09,593.96,595.81,10752900.0,7857510000,130395.098647,18736441558.3,57528.0,2090942.92,-0.00878404232311314,0.013645289605746793,612.2428571428571,617.8778571428572,622.5773333333333,0.009719183887363774,-0.12432102284294966,601.09,601.73,21.460843373493944,-2.418527253485081,593.85,0.0
2014-07-28,594.14,594.57,575.18,585.69,19316400.0,7765040000,126669.5244,18736441558.3,59561.0,2000946.64,-0.013740843647385703,0.03310625074698236,602.7328571428571,613.1435714285715,622.1016666666667,0.009938297826045021,1.4846705075615207,593.85,595.81,22.935779816513758,-5.535934781212518,584.73,0.0
2014-07-30,584.74,585.12,564.9,567.29,14898800.0,7646630000,162993.873309,18736441558.3,64442.0,2514709.8,-0.02982573153421242,0.03564314548114726,590.027142857143,606.9742857142857,619.0849999999999,0.012291214277611663,0.32135445305709776,584.73,585.69,16.305975227984234,-9.262123999291703,586.24,1.0
2014-08-01,586.2,597.92,583.63,594.92,18215900.0,7670500000,142503.21495,18736441558.3,69283.0,2308439.9,0.014806222707423489,0.024020036307402615,586.9328571428571,601.9235714285714,615.4006666666667,0.020381299967657328,-0.1892477712647822,586.24,567.29,31.00314183123878,-8.892843689982215,589.33,0.0
2014-08-03,588.89,589.15,581.65,586.67,9917990.0,7710420000,141571.821388,18736441558.3,52550.0,2245920.32,-0.0045136001900464295,0.012784018272623453,584.9814285714285,596.4657142857143,612.0723333333334,0.020444337420514363,0.1864930111926193,589.33,594.92,29.873499837820304,-8.765750735445181,588.78,1.0
2014-08-05,589.01,589.87,584.1,585.44,10790800.0,7716120000,122943.950153,18736441558.3,72928.0,1921655.52,-0.005672747036244319,0.009855834927575809,585.5242857142857,591.4985714285714,608.9706666666667,0.019906487062349622,0.09356204212384611,588.78,586.67,31.112041008473724,-8.466968482393554,584.65,0.0
2014-08-07,584.65,591.1,584.05,588.87,11131400.0,7663290000,146228.789197,18736441558.3,70732.0,2311376.64,0.007217993671427392,0.01197208212338898,588.38,588.0971428571429,606.4576666666667,0.008404173740261672,-0.23220604363390562,584.65,585.44,42.040108937855905,-7.924277801708058,592.58,1.0
2014-08-09,592.47,592.47,587.63,589.37,7922070.0,7770550000,169672.521357,19729645940.6,62960.0,2551035.74,-0.00541699011103991,0.008212158745779446,588.0514285714286,587.0292857142857,604.4803333333333,0.005604178344551694,-0.28449512283237,592.58,588.87,46.062606994375194,-6.737936314926742,591.06,1.0
2014-08-11,591.28,591.51,574.05,576.37,14764200.0,7760290000,178499.415531,19729645940.6,70184.0,2640682.17,-0.024853652759449063,0.030293040928570252,586.9057142857143,586.1642857142857,601.2043333333334,0.010943941293132673,0.9541488039537755,591.06,589.37,44.70695138573373,-6.870276368806344,569.64,0.0
2014-08-13,570.38,573.03,532.67,546.66,25777500.0,7490990000,153980.265046,19729645940.6,75011.0,2165901.18,-0.040341268169370115,0.07383016866059346,579.2214285714285,583.6128571428571,596.8870000000001,0.017749965919460178,0.844121560715972,569.64,576.37,39.61751383995974,-10.375782955129353,505.97,0.0
2014-08-15,511.14,518.18,487.93,497.01,25598300.0,6717150000,159864.861163,19729645940.6,69698.0,2034983.6,-0.01770855979603536,0.06086396651978822,553.7257142857143,570.8857142857142,589.0399999999998,0.026038954243209206,-0.28504157368331384,505.97,546.66,9.66466177803413,-20.010201077374063,519.71,1.0
2014-08-17,519.14,520.19,483.63,491.8,24300900.0,6826520000,161826.393202,19729645940.6,59319.0,2047204.56,-0.053703026687960675,0.07433916226108186,529.5942857142857,559.1364285714286,581.028,0.03813947568548968,0.06431183619840142,519.71,497.01,21.028522567641886,-24.69084674353337,461.46,0.0
2014-08-19,461.48,485.71,455.54,485.25,38422400.0,6072520000,202037.799997,19729645940.6,75458.0,2516475.0,0.05155376413990376,0.06217413704276138,501.1228571428572,542.8857142857142,570.838,0.051109112762588664,-0.24341226926697102,461.46,491.8,26.415893790311202,-30.699056429815073,511.98,1.0
2014-08-21,510.45,531.9,510.45,517.24,49444200.0,6721410000,199134.596112,23844670038.8,75470.0,2214059.58,0.010273838821828862,0.04147011058696154,497.7785714285714,532.5785714285714,563.6866666666667,0.04960349644737806,0.06268537384262252,511.98,485.25,35.03905760474541,-27.458118513949216,514.04,0.0
2014-08-23,513.39,514.3,492.11,498.07,25171900.0,6764340000,186096.021367,23844670038.8,60189.0,1982263.92,-0.03106762119679396,0.04455197060654113,497.12,520.4471428571429,556.7189999999999,0.0470967388625766,-0.31156413839880315,514.04,517.24,31.859004927674448,-25.75371272577388,508.29,1.0
2014-08-25,508.22,508.22,499.23,502.5,18356700.0,6700090000,158833.546899,23844670038.8,66411.0,1694749.56,-0.011391134981998507,0.01789054726368161,505.3385714285714,509.25857142857143,550.5153333333333,0.03221237465565427,-0.05580787688319433,508.29,498.07,35.30067258327696,-23.67924399858964,511.57,1.0
2014-08-27,512.19,520.71,510.92,511.15,22648500.0,6756340000,190837.321274,23844670038.8,74318.0,2077894.24,-0.0008210020134097329,0.019152890540937145,508.97999999999996,502.57428571428574,545.288,0.01819446617233584,-0.02524628686771302,511.57,502.5,42.31551612205151,-20.55961961620426,507.81,0.0
2014-08-29,508.43,511.69,503.82,508.52,17624800.0,6711080000,196763.946159,23844670038.8,67664.0,2129878.4,0.0013981607294066833,0.015476284118618747,506.8442857142857,503.52785714285716,540.765,0.01766946694732253,-0.11263719665693284,507.81,511.15,53.10326233486114,-18.253391135575214,504.25,0.0
2014-08-31,502.9,504.88,474.81,477.76,44632300.0,6642630000,231138.370487,23844670038.8,59751.0,2334454.32,-0.052533465542885516,0.06293955123911586,503.36571428571426,501.42071428571427,534.1266666666667,0.021652303181567432,3.7359898642518576,504.25,508.52,45.760869565217384,-18.770542640868427,474.88,0.0
2014-09-02,474.48,482.99,472.32,477.43,23337900.0,6270970000,194978.303194,27428630902.3,71539.0,1734368.9,0.005369777628032368,0.02234882600590666,494.5428571428571,501.82071428571425,526.6703333333332,0.019532000340901936,0.14222298355520757,474.88,477.76,46.65526090675792,-20.18673823769467,477.59,1.0
2014-09-04,477.68,493.93,477.09,489.66,26081400.0,6317100000,227701.9345,27428630902.3,70940.0,2034396.0,0.025272723465734392,0.03439121022750486,487.1557142857143,497.3942857142857,519.7713333333334,0.02368322785653749,0.9548050546386653,477.59,477.43,35.80399423512458,-19.093257460163727,483.34,0.0
2014-09-06,483.34,488.6,483.0,484.83,10601400.0,6395630000,229065.419137,27428630902.3,67529.0,2025388.9,0.0030827161004676196,0.011550440360538794,480.78428571428566,494.2557142857143,512.9263333333333,0.023944178830650316,-0.3072112399934651,483.34,489.66,42.282583352762884,-17.66858050914942,482.28,0.0
2014-09-08,481.81,489.83,468.79,474.6,30238000.0,6379410000,208613.149572,27428630902.3,71754.0,1828275.96,-0.01592435929335645,0.0443320691108301,481.39,490.40500000000003,505.42400000000004,0.013693046822894442,2.3620004336200044,482.28,484.83,32.562500000000014,-16.958148708091528,475.26,1.0
2014-09-10,475.48,487.47,475.14,479.36,22787800.0,6299070000,212703.603485,27428630902.3,76417.0,1898407.42,0.008626856878340305,0.025721795727636936,481.3328571428571,485.5407142857143,498.33033333333333,0.013962972334201216,0.06247727039603124,475.26,474.6,28.88268898631594,-15.894562833741531,479.75,1.0
2014-09-12,479.58,479.63,473.01,477.75,15437200.0,6357290000,219521.026673,27428630902.3,66303.0,1898185.05,-0.004168837936425196,0.013856619570905294,479.11857142857144,481.3385714285714,493.037,0.00781511688558616,-0.08400334660503539,479.75,479.36,29.09930715935336,-14.44582800680223,479.0,1.0
2014-09-14,479.12,479.85,476.12,477.89,13105500.0,6355140000,252083.493018,29829733124.0,66033.0,2025587.4,-0.0023173277661795444,0.007805143443051787,477.65857142857146,479.5442857142857,491.5006666666667,0.007623670607358606,-0.15925712086220167,479.0,477.75,50.14377350143773,-13.008055060988113,475.37,0.0
2014-09-16,474.86,475.64,465.13,466.06,16797300.0,6302440000,250600.648941,29829733124.0,89326.0,1983852.0,-0.01958474451479897,0.02255074453932968,476.45428571428573,478.76714285714286,489.1646666666666,0.008783561932916864,0.09462893934259564,475.37,477.89,38.984692888975005,-12.766711322774654,457.33,0.0
2014-09-18,456.86,456.86,413.1,424.44,34483200.0,6067610000,274326.154167,29829733124.0,79754.0,1985517.03,-0.07191743380053783,0.10310055602676466,465.4057142857143,472.6614285714286,487.0,0.025586863536402788,0.6376277497055582,457.33,466.06,9.74074074074072,-16.540938454651098,394.8,0.0
2014-09-20,394.67,423.3,389.88,408.9,36863600.0,5245150000,256532.025248,29829733124.0,62315.0,1801037.04,0.03571428571428559,0.08173147468818787,443.5414285714286,460.9135714285714,479.48266666666666,0.03828361158960815,-0.027850958736487907,394.8,424.44,17.531856666381557,-23.308269905552834,398.82,0.0
2014-09-22,399.1,406.92,397.13,402.15,24127600.0,5307360000,232806.520022,29829733124.0,68526.0,1577856.3,0.008349631412667424,0.024344150192714215,421.7857142857143,449.77714285714285,472.44466666666665,0.038835174046856,-0.09226827589060993,398.82,408.9,19.8401465323453,-26.795908785155405,435.79,1.0
2014-09-24,435.75,436.11,421.13,423.2,30627700.0,5798220000,241703.584482,29829733124.0,81104.0,1765648.08,-0.02889006172697861,0.03539697542533086,412.5857142857143,442.94642857142856,467.38466666666665,0.05654104822413044,-0.320886040865198,435.79,402.15,32.62161158559226,-23.89176672149074,411.57,0.0
2014-09-26,411.43,414.94,400.01,404.43,21460800.0,5477970000,260177.353093,34661425924.0,73278.0,1548445.08,-0.01734820322180919,0.03691615359889228,412.1228571428572,432.8392857142857,460.49399999999997,0.04226525434008257,-0.19965391729816817,411.57,423.2,29.39986513823331,-24.141517591708407,399.52,0.0
2014-09-28,399.47,401.02,374.33,377.18,23613300.0,5321420000,239501.007152,34661425924.0,62200.0,1324680.0,-0.05591710052062471,0.07076197041200487,407.6914285714285,419.9685714285714,452.5063333333334,0.044493556692603464,0.5711510183441677,399.52,404.43,25.176238599950707,-26.239073891920214,375.47,0.0
2014-09-30,376.09,390.98,373.44,386.94,34707300.0,5012450000,261900.381921,34661425924.0,78590.0,1458738.04,0.03054837936452981,0.04533002532692412,396.90142857142865,407.18142857142857,445.1863333333333,0.026470940266428423,0.06799250408490454,375.47,377.18,30.62683643486777,-27.186423656411193,383.62,0.0
2014-10-02,383.99,385.5,372.95,375.07,21777700.0,5120700000,255008.266607,34661425924.0,74630.0,1394779.35,-0.022287680517178443,0.03346042072146536,386.03285714285715,398.39,438.7323333333334,0.02561048378911924,-0.1697217626022708,383.62,386.94,35.84981370020063,-27.100874180731807,359.51,0.0
2014-10-04,359.89,364.49,325.89,328.87,47236500.0,4801920000,246393.122465,34661425924.0,70430.0,1205568.0,-0.08522711468387523,0.11737160580168463,369.5228571428571,390.15285714285716,429.43666666666667,0.03789052063017852,0.5286299561182091,359.51,375.07,27.381154259227856,-31.12844406240106,320.51,0.0
2014-10-06,320.39,345.13,302.56,330.08,79011800.0,4277430000,275684.612549,34661425924.0,75126.0,1328774.4,0.02985866275623228,0.12896873485215704,354.9428571428571,379.41142857142853,418.85066666666665,0.040577040221603126,-0.05157121576413337,320.51,328.87,30.138345367359307,-34.672762530122384,336.19,1.0
2014-10-08,336.12,354.36,327.19,352.94,54736300.0,4489870000,225716.776524,34661425924.0,80324.0,1138502.88,0.049823016746482596,0.07698192327307762,343.31,367.2785714285714,409.92566666666664,0.04657262913257979,0.11252868400139016,336.19,330.08,27.77426293812475,-32.64544857626697,365.03,1.0
2014-10-10,364.69,375.07,352.96,361.56,43665700.0,4874190000,276657.268257,35002482026.1,84811.0,1431572.36,-0.009506067994411338,0.0611516760703618,342.1685714285714,360.89214285714286,402.32466666666664,0.04631155530366247,-0.4779396731989417,365.03,352.94,36.15757184371972,-27.599117969753706,362.3,1.0
2014-10-12,362.61,379.43,356.14,378.55,17552800.0,4849070000,257517.457245,35002482026.1,63946.0,1353884.13,0.04485233232128061,0.061524237220974824,355.2357142857142,358.3314285714286,395.103,0.021891371027183193,0.31528939244072784,362.3,361.56,50.47375337160247,-22.199182993393265,390.41,1.0
2014-10-14,391.69,411.7,391.32,400.87,38491500.0,5241030000,243597.594692,35002482026.1,81491.0,1446969.57,0.026792346507517717,0.05083942425225134,373.0942857142857,360.3935714285714,389.5826666666666,0.02180881227461354,0.09284412317511515,390.41,378.55,54.53067065634554,-14.458433777962568,394.77,0.0
2014-10-16,394.52,398.81,373.07,382.56,26990000.0,5281630000,260997.422884,35002482026.1,74010.0,1422111.24,-0.030929401930237854,0.06728356336260981,381.57428571428574,361.72499999999997,384.1126666666667,0.027825902386850985,0.06818748491120874,394.77,400.87,52.33814072547918,-10.303636488682912,383.76,1.0
2014-10-18,383.98,395.16,378.97,391.44,11416800.0,5143260000,294057.096449,35002482026.1,69474.0,1650684.48,0.02001250781738584,0.04136010627426936,388.9085714285714,367.9264285714285,380.5603333333333,0.027067447984006916,-0.1605726175858595,383.76,382.56,75.46601546601548,-7.316619026541559,389.55,0.0
2014-10-20,389.23,390.08,378.25,382.85,16419000.0,5216560000,240117.629053,35002482026.1,78443.0,1332696.9,-0.01719933256321393,0.03089983022071303,389.4,376.6271428571429,379.517,0.02076853811053141,1.7760259832921075,389.55,391.44,73.24464804863011,-5.508273982630101,386.48,1.0
2014-10-22,386.12,388.58,382.25,383.16,11641300.0,5177640000,297537.062088,35002482026.1,79546.0,1650923.7,-0.008590353963982555,0.016520513623551475,385.6857142857143,382.3778571428571,378.47266666666667,0.016982038628449075,-0.17954880223273118,386.48,382.85,65.4815573770492,-4.345503244834958,358.42,0.0
2014-10-24,358.59,364.35,353.31,358.35,15585700.0,4811290000,291583.508501,35985640265.1,81643.0,1465384.48,-0.00019530160147307463,0.030807869401423243,378.60714285714283,381.6764285714286,373.732,0.027179227261146174,-0.4109022599019537,358.42,383.16,48.49789424426768,-7.166068911964544,347.27,0.0
2014-10-26,347.49,359.22,343.93,354.7,11272500.0,4665040000,232551.264448,35985640265.1,70537.0,1158701.8,0.021395455985256495,0.04310685085988165,367.31857142857143,378.8992857142857,369.931,0.028489421954079514,-0.37815473727761684,347.27,358.35,38.99603211220817,-9.58503062954918,352.99,0.0
2014-10-28,353.21,359.98,352.68,357.62,7845880.0,4744450000,268328.382056,35985640265.1,88600.0,1335639.22,0.01311651888155474,0.02041272859459765,358.93,373.13714285714286,367.728,0.029032502343926854,-0.397998925803729,352.99,354.7,26.59378720640761,-10.08950889668688,335.59,0.0
2014-10-30,335.71,350.91,335.07,345.31,30177900.0,4511760000,309472.067304,35985640265.1,93338.0,1462243.0,0.028963914300187854,0.045871825316382474,350.26142857142855,366.2492857142857,365.011,0.03182514657892345,0.6587917131596739,335.59,357.62,32.40102050458283,-12.039814986248075,338.32,0.0
2014-11-01,338.65,340.53,321.06,325.75,16677200.0,4554320000,286216.940859,35985640265.1,74548.0,1313816.07,-0.037154173563490156,0.05976976208749032,344.32571428571424,358.3114285714286,361.85699999999997,0.03305735763267635,0.3293478087585888,338.32,345.31,21.809286756501592,-14.132500448311816,325.89,1.0
2014-11-03,325.57,334.0,325.48,327.55,12948500.0,4380950000,277272.661458,35985640265.1,84522.0,1266423.47,0.005093743287612362,0.02601129598534569,336.57571428571424,349.8142857142857,360.69233333333335,0.031341880033033044,0.5050060323445247,325.89,325.75,24.799489609916165,-15.477831864701272,330.49,1.0
2014-11-05,330.68,343.37,330.68,339.49,19817200.0,4452510000,314993.428437,39603666252.4,89249.0,1372405.87,0.027232291446034784,0.03737959880997967,333.25714285714287,342.69571428571436,361.33866666666665,0.023986575095498792,0.2658299000351314,330.49,327.55,30.965042280533524,-14.439190227830352,349.29,1.0
2014-11-07,349.82,352.73,341.78,342.42,16834200.0,4712700000,283494.085593,39603666252.4,89542.0,1236927.64,-0.01966847032551744,0.03197827229717903,334.4114285714286,340.9057142857143,361.4246666666667,0.023880806224711795,-0.10442091823163269,349.29,339.49,42.52603922304589,-11.816758986154582,345.49,1.0
2014-11-09,345.38,363.63,344.25,363.26,24205600.0,4655480000,273650.540954,39603666252.4,72217.0,1243626.6,0.05143419491157486,0.053350217475086704,342.57000000000005,341.39,360.83000000000004,0.022498660595506474,1.8358836713151123,345.49,342.42,53.93021120293847,-8.306054499091886,366.92,1.0
2014-11-11,365.86,371.31,363.74,367.69,15838900.0,4934270000,277587.95881,39603666252.4,87338.0,1291511.52,0.0020985500926631317,0.020587995322146356,353.5085714285715,343.1042857142857,360.622,0.022715975913421654,-0.4798407887002013,366.92,363.26,54.70604729413964,-4.125082178302421,423.56,1.0
2014-11-13,427.27,457.09,401.12,420.74,58945000.0,5765520000,287431.503449,39603666252.4,100117.0,1490042.4,-0.006657852488431426,0.13302752293577974,375.7257142857143,354.77571428571434,362.38933333333335,0.05879296244474589,0.28748099739642496,423.56,367.69,78.16023295751512,6.329576485131952,397.82,0.0
2014-11-15,399.65,405.53,371.01,376.13,15727500.0,5395770000,295306.339159,39603666252.4,74831.0,1403379.54,-0.054522145694032464,0.09177677930502746,388.01714285714286,362.6242857142857,362.27666666666664,0.07117888059891653,-0.4684716045043462,397.82,420.74,65.84476034721348,7.344002306419611,387.88,1.0
2014-11-17,388.35,410.2,377.5,387.41,41518800.0,5246000000,299243.757015,39603666252.4,85201.0,1443522.72,-0.0012117149633906754,0.08440670091117934,394.4614285714286,371.32785714285717,362.2796666666667,0.06998330363272186,2.4873336917081037,387.88,376.13,67.66824085005904,7.93702130156754,375.2,0.0
2014-11-19,373.9,386.48,373.9,380.56,18931800.0,5053560000,274455.576194,40300030327.9,87321.0,1288459.26,0.014285714285714235,0.03305654824469214,389.39142857142855,377.455,361.725,0.033286364443525396,-0.41246644425479095,375.2,387.41,61.732274467234184,6.651602929725129,357.84,0.0
2014-11-21,357.88,357.88,344.11,350.85,29850100.0,4839570000,248412.346337,40300030327.9,86577.0,1111029.7,-0.01953386988598238,0.03924754168448049,373.69571428571425,378.6678571428571,359.6933333333333,0.03416389240746708,0.18296926271737246,357.84,380.56,52.241186792151865,2.158686425834958,352.92,1.0
2014-11-23,353.18,370.85,353.18,367.57,15151600.0,4778440000,282468.877689,40300030327.9,75041.0,1283532.64,0.04151082398277217,0.04807247599096775,367.47857142857146,379.50642857142856,359.81733333333335,0.033019422708966475,-0.007948667583316915,352.92,350.85,51.171513998369115,0.33772187810842524,376.9,1.0
2014-11-25,376.89,394.7,374.78,375.35,25442200.0,5101970000,256425.647831,40300030327.9,82813.0,1223868.36,-0.004112496683470246,0.05307046756360734,365.9985714285714,380.76642857142855,361.4933333333333,0.033083470125448,-0.1774291062751171,376.9,367.57,52.01155462184875,1.3171500358560024,368.37,0.0
2014-11-27,370.5,373.99,368.28,369.67,8748030.0,5018040000,262435.623952,40300030327.9,82979.0,1224429.32,0.003529060455520261,0.0154462087808046,365.94714285714286,373.1764285714286,362.40766666666667,0.022334856876591553,-0.5297187891429278,368.37,375.35,31.759411386527603,0.8851061518832353,376.45,1.0
2014-11-29,376.15,387.6,372.14,375.49,15375600.0,5097280000,302502.131426,40300030327.9,81452.0,1428154.92,-0.002550139460751666,0.04117286745319459,372.8285714285715,371.6042857142857,364.77566666666667,0.02045066463740618,-0.3299370274333776,376.45,369.67,49.689681923972074,1.5471448639419805,378.05,1.0
2014-12-01,378.25,383.66,376.67,379.25,11763000.0,5128700000,286475.528436,40300030327.9,95220.0,1369993.08,0.0031741833090861427,0.018431114040870163,374.6614285714286,370.31928571428574,367.8833333333333,0.011316578640355209,0.27936013503813184,378.05,375.49,45.68983731248678,2.288452892599537,381.31,1.0
2014-12-03,381.72,383.03,374.35,375.01,13340100.0,5178450000,242402.370215,40300030327.9,97296.0,1149123.5,-0.016521989981904572,0.023146049438681503,376.4614285714286,370.3592857142857,371.31266666666664,0.01054312345025168,0.07893821628747744,381.31,379.25,46.75248683440607,2.5144090360348628,369.6,0.0
2014-12-05,369.44,379.19,365.76,376.85,15181800.0,5014290000,298317.320158,40007470271.3,92900.0,1407286.74,0.019615800865800948,0.035637521560302525,376.50857142857143,373.05642857142857,373.8616666666667,0.01263657890997223,0.04488767756854961,369.6,375.01,69.00584795321642,1.971056656098142,374.79,0.0
2014-12-07,374.84,376.29,373.27,375.1,6491650.0,5090240000,242631.420395,40007470271.3,77357.0,1149733.8,0.0008271298593878207,0.008051186350306688,375.9871428571429,375.1564285714286,375.801,0.012438299030640337,-0.07385452511798574,374.79,376.85,56.96577243293251,1.7443067225752316,361.91,0.0
2014-12-09,361.89,363.07,344.95,352.22,32915500.0,4917110000,276440.716679,40007470271.3,89587.0,1222161.81,-0.026774612472714177,0.05144511952756801,369.35428571428577,372.4335714285715,375.9803333333333,0.018178182714527175,0.7416806447004292,361.91,375.1,32.4905374716124,-1.083745832856664,346.37,0.0
2014-12-11,344.34,361.36,338.76,350.51,32431300.0,4681040000,288373.409486,40007470271.3,85829.0,1295135.7,0.011952536305107175,0.06447747567829741,362.5357142857143,369.49357142857144,374.72266666666667,0.02002836098175964,0.9741838480128076,346.37,352.22,35.861865407319925,-3.8781232754660095,352.54,1.0
2014-12-13,352.38,352.38,346.59,347.38,11675900.0,4792870000,284395.845217,40007470271.3,79512.0,1255861.35,-0.014636636977364392,0.016667626230640855,355.1471428571429,365.77785714285716,369.90999999999997,0.01744163078671582,-0.31277001495014656,352.54,350.51,29.087933343252487,-5.302179920348806,351.63,1.0
2014-12-15,351.36,351.81,344.93,345.35,17264200.0,4781560000,304283.666561,40007470271.3,95727.0,1351903.85,-0.017859682052157044,0.019921818445055726,349.42857142857144,361.4692857142857,367.34433333333334,0.016078104107869244,0.3905696243314647,351.63,347.38,27.088402270884032,-6.18415037194319,327.06,0.0
2014-12-17,326.86,333.95,315.15,319.78,37567900.0,4450380000,252575.331067,40007470271.3,93704.0,1014421.6,-0.022258912737724068,0.058790418412658745,342.0357142857143,353.6492857142857,363.06266666666664,0.023438878725011665,0.217172257159427,327.06,345.35,19.71707424059656,-10.033715040615391,311.4,0.0
2014-12-19,311.18,318.53,306.77,317.84,23823100.0,4238930000,243219.983475,39457671307.1,92052.0,989099.82,0.020680796403339752,0.03699974830103194,331.49142857142857,345.27714285714285,358.8453333333333,0.024631078956101976,-0.3918489776121308,311.4,319.78,18.393144081414036,-13.116034036285782,329.96,1.0
2014-12-21,329.54,329.63,318.9,320.84,15207600.0,4491320000,284410.464547,39457671307.1,80829.0,1188717.48,-0.027639713904715757,0.03344346091509793,324.6042857142857,338.19928571428574,356.9156666666667,0.031205339497181624,-0.2708530112625679,329.96,317.84,25.824273747995008,-13.088327866193254,331.89,1.0
2014-12-23,332.02,336.29,329.6,334.57,16574200.0,4527490000,317755.139701,39457671307.1,99770.0,1369405.44,0.00807496459670376,0.019995815524404454,323.7542857142857,334.7942857142857,355.1146666666666,0.028833991848451108,-0.25726525984647164,331.89,320.84,41.43785776656641,-11.335143624009504,322.53,0.0
2014-12-25,322.29,322.67,316.96,319.01,9883640.0,4397250000,331485.300058,39457671307.1,70684.0,1351958.54,-0.010913713453012064,0.017899125419265968,325.2342857142857,330.84142857142854,351.4243333333334,0.029463875546603038,-0.34512035938856234,322.53,334.57,35.502577319587644,-11.614992040124605,327.92,1.0
2014-12-27,327.58,328.91,312.63,315.86,15185200.0,4472050000,313832.236742,39457671307.1,78776.0,1263774.55,-0.03677726274701143,0.05154182232634721,324.65999999999997,326.83142857142855,348.2823333333333,0.029786717806071422,-0.0746656104323451,327.92,319.01,37.12628655448457,-11.23865269388881,317.24,1.0
2014-12-29,317.7,320.27,312.31,312.67,12302500.0,4339700000,331485.300058,39457671307.1,79812.0,1333123.11,-0.014405497415206137,0.025458150765983237,321.40000000000003,322.0407142857143,344.21466666666663,0.02367435680882256,0.05360293236044744,317.24,315.86,36.133740665308906,-11.475484072635936,310.74,0.0
2014-12-31,310.91,320.19,310.21,320.19,13942900.0,4249480000,313142.288941,40640955016.6,83768.0,1233733.8,0.030411276308167645,0.031168993410162774,317.6614285714286,320.9042857142857,340.0023333333333,0.0239336229526767,0.11291236640246471,310.74,312.67,50.197780993728905,-10.960488549281024,314.25,0.0
2015-01-02,314.08,315.84,313.56,315.03,7860650.0,4295210000,323243.653101,40640955016.6,72234.0,1267761.5,0.002482100238663465,0.00723740596133693,315.14,320.90714285714284,335.7676666666667,0.021130929567529946,-0.021887501477624083,314.25,320.19,48.529565672422805,-10.387107689614936,281.08,0.0
2015-01-04,281.15,287.23,257.61,264.19,55629100.0,3847150000,335365.290092,40640955016.6,85570.0,1129778.1,-0.06008965419097756,0.11211627995003598,302.59285714285716,313.3692857142857,329.06166666666667,0.045489191824896434,0.682955975603853,281.08,315.03,27.367159408709554,-15.712127380211541,274.47,1.0
2015-01-06,274.61,287.55,272.7,286.19,23245700.0,3759970000,317182.834605,40640955016.6,87160.0,1089761.6,0.0427004772834918,0.051888605471889386,293.62857142857143,305.8121428571429,322.754,0.05641898178099768,-0.47124159516682285,274.47,264.19,31.869284964772888,-17.01164633070175,294.34,1.0
2015-01-08,294.13,294.13,282.18,283.35,19982500.0,4029490000,272736.832304,40640955016.6,99126.0,938075.2,-0.03733777264388105,0.04217398976530788,285.52142857142854,301.2514285714286,318.206,0.05707843868460926,-0.196418517863175,294.34,286.19,36.98540145985402,-16.11213498053388,290.41,1.0
2015-01-10,287.3,288.13,273.97,274.8,15264300.0,3937990000,284858.469295,40640955016.6,105895.0,984120.0,-0.05375159257601325,0.05152838427947586,281.10714285714283,295.6392857142857,313.817,0.04587293518122351,-0.18453837359631597,290.41,283.35,35.198269646719524,-15.841226435316969,265.66,0.0
2015-01-12,266.15,272.2,265.2,267.8,18880300.0,3649970000,358478.281007,43971662056.1,98185.0,1115640.0,0.008055409169615224,0.026138909634055265,280.3642857142857,288.75,308.2683333333334,0.0379721909495192,0.037333523801151625,265.66,274.8,34.42338401721862,-17.13001840050282,225.86,0.0
2015-01-14,223.89,223.89,171.51,178.1,97638700.0,3072020000,330062.319708,43971662056.1,104481.0,668935.0,-0.21145842557336414,0.2941044357102751,255.14000000000001,272.53785714285715,298.50100000000003,0.0867569986004004,0.340382653866693,225.86,267.8,18.04812232966043,-26.831937707260636,209.84,1.0
2015-01-16,209.07,221.59,199.77,208.1,38421000.0,2870180000,325690.633354,43971662056.1,112530.0,768009.0,-0.008292032024399543,0.10485343584814989,232.88000000000002,257.44214285714287,290.87100000000004,0.12527393487919164,-0.5301534115575339,209.84,178.1,28.53759383404922,-30.337035024156762,199.26,0.0
2015-01-18,200.05,218.69,194.51,210.34,30085100.0,2747730000,325690.633354,43971662056.1,87047.0,789179.66,0.05560574124259765,0.11495673671199014,214.18571428571428,247.75142857142856,283.5496666666667,0.13010123952876848,0.2818698151233292,199.26,208.1,37.659837756084144,-31.733871947149908,214.86,1.0
2015-01-20,212.91,215.24,205.15,211.31,24051100.0,2925910000,262301.181225,43971662056.1,98890.0,641951.86,-0.016522386670390077,0.047749751549855675,204.5442857142857,238.145,276.062,0.11697335518534037,0.2890295471720361,214.86,210.34,31.67042005287378,-30.2572068514217,226.9,1.0
2015-01-22,227.32,237.02,226.43,233.41,33544600.0,3125520000,327876.476531,43971662056.1,94979.0,880165.7,0.028691053327456917,0.045370806734929964,214.88285714285712,229.7607142857143,269.19033333333334,0.04116176871587004,0.12097070637535667,226.9,211.31,37.95000482578901,-25.623498566044532,232.88,0.0
2015-01-24,232.7,248.21,230.02,247.85,24782500.0,3200970000,264487.024401,43971662056.1,89630.0,742971.68,0.06428203366540708,0.07339116401049021,225.3642857142857,223.72642857142858,263.83,0.03414411548147372,0.006530824435355909,232.88,233.41,43.26418395401149,-20.21478943281238,253.72,1.0
2015-01-26,254.08,309.38,254.08,273.47,106794000.0,3496650000,277602.083463,43971662056.1,105423.0,866260.77,0.07784171527668304,0.20221596518813756,239.93428571428572,223.27857142857144,259.9436666666667,0.037428205185724796,2.180030194117805,253.72,247.85,51.32235645319279,-12.734738320814245,263.48,0.0
2015-01-28,263.35,266.54,227.05,233.91,44352200.0,3626050000,324166.338972,41272873894.7,89287.0,987528.5,-0.11222863215424328,0.16882561669018004,248.38857142857142,229.95214285714286,255.52633333333333,0.06485955875390781,-0.0010540777945449165,263.48,273.47,66.98934550989344,-10.163932247467699,233.51,0.0
2015-01-30,232.77,242.85,225.84,226.43,26605200.0,3206940000,285184.310868,41272873894.7,86360.0,802163.46,-0.03031990064665313,0.07512255443183319,247.48142857142855,232.95214285714286,249.82666666666668,0.06528441605977511,-0.17409525228631562,233.51,233.91,56.62929475587704,-10.643490700108572,217.46,0.0
2015-02-01,216.87,231.57,212.01,226.97,29128500.0,2989460000,348786.567248,41272873894.7,79193.0,940487.92,0.04373218063092055,0.08617879014847778,239.31857142857143,235.44000000000003,243.665,0.06191095714490426,0.24756940577860398,217.46,226.43,56.07777209268328,-11.458480370695838,238.23,1.0
2015-02-03,237.45,245.96,224.48,227.27,40783700.0,3275110000,276977.568109,41272873894.7,93499.0,801295.88,-0.04600596062628548,0.09451313415760997,229.11142857142858,238.24928571428572,241.006,0.05614540349353312,0.3322738394295066,238.23,226.97,55.28616852146264,-10.182651277000616,226.85,0.0
2015-02-05,227.66,239.41,214.72,217.11,22516400.0,3141730000,301597.796385,41272873894.7,90028.0,801443.19,-0.042935860700903605,0.11372115517479617,225.76,237.0814285714286,237.11599999999999,0.04118479725773555,-0.15333736928589958,226.85,227.27,44.13753416774565,-10.508257965375776,222.27,1.0
2015-02-07,222.63,230.3,222.61,227.75,21604200.0,3074140000,352889.938628,41272873894.7,86207.0,970889.92,0.024654699239663458,0.03376509330406146,226.6357142857143,234.88785714285717,232.86033333333336,0.039026993783983555,-0.11586106984567413,222.27,217.11,42.508944543828264,-9.724504441014915,223.41,0.0
2015-02-09,223.39,223.98,217.02,220.11,27791300.0,3086220000,342533.060668,44455415962.3,95860.0,856876.32,-0.01477104874446078,0.0316205533596837,223.53857142857143,228.9114285714286,228.804,0.028542620569252473,0.6209376385227352,223.41,227.75,27.035634360475115,-9.383644817721773,219.84,0.0
2015-02-11,219.73,223.41,218.07,219.19,17201900.0,3037370000,331483.607098,44455415962.3,98701.0,835570.36,-0.0029566957787482417,0.0243624252931247,221.38285714285715,224.74285714285716,225.65633333333335,0.024002218134362655,-0.18532708819754584,219.84,220.11,40.508124838792874,-9.090464210895448,221.76,1.0
2015-02-13,221.97,240.26,221.26,235.43,42744400.0,3069830000,309384.699958,44455415962.3,107390.0,843389.1,0.06164321789321803,0.08070339379008622,223.92714285714285,224.54642857142858,227.43066666666667,0.027755709903815606,1.8109849929633963,221.76,219.19,55.214368482039404,-7.1290007428064825,257.32,1.0
2015-02-15,257.51,265.61,227.68,234.82,56552400.0,3563290000,296125.355674,44455415962.3,85355.0,820538.37,-0.0874397637183274,0.16152797887743808,229.78142857142856,227.9542857142857,229.90400000000002,0.05765281875225497,0.13713165435077657,257.32,235.43,53.497905712503346,-3.4822049661299843,233.84,0.0
2015-02-17,233.42,245.78,232.31,243.61,27363100.0,3231750000,342533.060668,44455415962.3,98899.0,949160.0,0.04178070475538842,0.05529329666269857,235.13857142857142,228.80785714285713,232.16566666666668,0.05796223047772212,-0.02808156654365146,233.84,234.82,58.109986102838995,-1.8679812357862033,236.33,0.0
2015-02-19,236.41,242.67,235.59,240.28,18270500.0,3274980000,362422.077094,44455415962.3,96005.0,993659.67,0.016713916980493293,0.029465623439320725,240.23285714285717,231.14000000000004,233.847,0.060314362873671555,-0.27500317450239675,236.33,243.61,61.3790393870936,-0.9048254826974471,243.78,1.0
2015-02-21,243.75,255.32,243.18,244.53,12284200.0,3378660000,304964.91853,44455415962.3,92541.0,850966.24,0.003076544425301586,0.0496462601725759,239.5985714285714,233.875,234.78033333333332,0.04185067171878396,-0.48551516750639745,243.78,240.28,58.79270593167051,0.5245260861775023,235.98,0.0
2015-02-23,236.0,240.11,232.42,238.89,16400000.0,3272880000,317934.931986,46684376316.9,96936.0,815115.42,0.012331553521484961,0.032190547950939875,240.4857142857143,236.1142857142857,234.585,0.027186356760871364,-0.16013724586470013,235.98,244.53,59.46191051995161,0.451019849815566,238.74,0.0
2015-02-25,238.89,239.34,235.53,237.47,11496200.0,3314640000,362028.097736,46684376316.9,104785.0,934079.85,-0.005319594537991135,0.01604413189034405,239.95285714285714,238.77,232.88566666666668,0.017793003723124746,-0.19043125545759276,238.74,238.89,59.16382594746341,0.44698286784989705,236.43,0.0
2015-02-27,236.44,256.65,236.44,253.83,44013900.0,3282410000,366669.483604,46684376316.9,103395.0,1006856.0,0.07359472148204538,0.0796202182563132,240.83857142857144,241.13214285714284,232.64800000000002,0.03310386149885987,2.231706242565752,236.43,237.47,59.02491661761821,1.5880363070471333,254.26,1.0
2015-03-01,254.28,261.66,245.93,260.2,25213700.0,3532050000,348103.94013,46684376316.9,86274.0,931320.72,0.023361913002438506,0.060453497309761794,245.68857142857146,242.72642857142858,234.46533333333335,0.02803990489860417,0.8075243919049702,254.26,253.83,69.8529411764706,3.8462313630492417,275.67,1.0
2015-03-03,275.05,285.8,268.16,281.7,50461300.0,3822510000,357386.711867,46684376316.9,109142.0,1065967.0,0.02187397975840666,0.06261980830670921,257.08,248.435,238.23000000000002,0.031314044180126024,0.247014137899505,275.67,260.2,75.50555778759878,8.11569325171746,273.09,0.0
2015-03-05,272.74,281.67,264.77,276.18,41302400.0,3792480000,264558.994499,46684376316.9,96611.0,760764.32,0.011314951115017235,0.061191976247375025,267.84714285714284,253.625,241.02233333333334,0.03499942850298977,-0.0019476596670130464,273.09,281.7,73.8887410167687,9.813831047822674,272.72,0.0
2015-03-07,272.29,277.85,270.13,276.26,17825900.0,3788190000,327217.703723,46684376316.9,94270.0,975886.54,0.012980346142563715,0.02794468978498526,273.68857142857144,257.9585714285714,244.52300000000002,0.02855629203068081,-0.3835899705728779,272.72,276.18,70.36846835280525,10.444960553587464,274.35,0.0
2015-03-09,274.81,292.7,273.89,289.61,59178200.0,3825250000,311208.02387,47427554950.6,96449.0,952708.72,0.055622380171314045,0.06494941473015435,277.7014285714286,264.32214285714286,248.321,0.027762897657580877,1.6816416605114215,274.35,276.26,80.33492822966511,11.57771634120246,291.76,1.0
2015-03-11,291.52,297.39,290.51,296.38,33963900.0,4060030000,391367.666382,47427554950.6,102856.0,1221552.85,0.01583493282149706,0.023213442202577757,282.46571428571434,272.31714285714287,253.14166666666668,0.021982332438960257,-0.4988416840291099,291.76,289.61,83.11410905002813,13.43014007528825,294.35,0.0
2015-03-13,294.12,294.5,285.34,285.34,31421500.0,4098250000,327711.479681,47427554950.6,96745.0,1009810.88,-0.030609818243587772,0.03210205369033443,286.8642857142857,278.70500000000004,257.83033333333333,0.026701138541559928,-0.03571253206977398,294.35,296.38,69.319435928878,13.306078790350682,281.88,0.0
2015-03-15,281.43,286.53,281.0,286.39,11970100.0,3923350000,346572.572037,47427554950.6,84477.0,1045239.02,0.01599971619128704,0.01930933342644636,289.38714285714286,282.54857142857145,261.533,0.027366365091040522,-0.4706376618035317,281.88,285.34,65.74864702345161,11.998312132654348,290.59,1.0
2015-03-17,290.6,292.37,284.37,285.5,21497200.0,4053230000,337142.025859,47427554950.6,104238.0,1030114.78,-0.017516087958979965,0.028021015761821366,288.6328571428571,283.88571428571424,264.3313333333333,0.01870339748859518,-0.0008784119798662671,290.59,286.39,52.67831970679449,11.178953948431001,256.3,0.0
2015-03-19,255.88,264.24,248.64,260.93,52732000.0,3570820000,337142.025859,47427554950.6,102414.0,935886.42,0.018064767850175523,0.05978614954202285,278.1328571428571,281.59714285714284,265.6573333333333,0.0424238809255799,-0.07500701655907938,256.3,285.5,41.80724186096486,6.146479692601474,261.75,1.0
2015-03-21,261.64,262.2,255.65,260.02,17130100.0,3653040000,337142.025859,47427554950.6,100458.0,925351.87,-0.006609360076408888,0.025190369971540588,271.64,279.6535714285714,267.16266666666667,0.04247503165907981,-0.07187633759014345,261.75,260.93,40.837282780410725,3.075608415399415,267.96,1.0
2015-03-23,267.89,277.3,261.75,266.74,22811900.0,3742290000,358360.75476,47427554950.6,106330.0,1015589.19,-0.004552918346021673,0.05829646847117047,265.6,277.56357142857144,268.709,0.0432127744504053,0.23721533129769345,267.96,260.02,35.81441508497703,1.9829533432158541,245.59,0.0
2015-03-25,247.47,249.19,236.51,246.2,35866900.0,3458950000,385508.770219,46717549644.7,93930.0,1023257.2,0.0024838144875605206,0.05150284321689686,258.45571428571424,270.68142857142857,269.27299999999997,0.03521077249689442,-0.10497658065015214,245.59,266.74,23.755230125522985,-1.7855084624773667,248.53,1.0
2015-03-27,248.57,256.81,245.21,247.03,17274900.0,3476180000,399442.822155,46717549644.7,106302.0,1072838.45,-0.006035488673399536,0.046957859369307346,254.58142857142857,264.67214285714283,269.918,0.03415503481561663,-0.3286086280606296,248.53,246.2,28.328996492815918,-3.7785311312127305,252.8,1.0
2015-03-29,252.74,253.14,240.85,242.71,21699400.0,3536570000,350673.64038,46717549644.7,87456.0,924217.35,-0.03991297468354427,0.05063656215236287,249.94285714285715,259.47499999999997,270.093,0.03488821449416793,0.3527545212550418,252.8,247.03,27.31616119651018,-4.931801899437801,247.53,1.0
2015-03-31,247.45,248.73,242.74,244.22,22672000.0,3464410000,346028.956402,46717549644.7,105294.0,908277.88,-0.013372116511130017,0.024527065760379906,247.00285714285715,253.45071428571427,269.336,0.021761999723743,-0.014672136847229011,247.53,242.71,28.30109335576114,-5.653184897668581,247.27,1.0
2015-04-02,247.09,254.46,245.42,253.0,26272600.0,3461060000,341384.272423,46717549644.7,115686.0,931756.04,0.023173049702754023,0.03573122529644277,247.7942857142857,252.2392857142857,267.43266666666665,0.023757654391940844,0.14841851275505746,247.27,244.22,44.341372912801475,-5.185555984202296,254.32,1.0
2015-04-04,254.29,255.26,251.1,253.7,12493500.0,3563920000,357640.666348,46717549644.7,94152.0,980821.05,-0.0024378735451400235,0.016397319668900262,248.96428571428572,251.25714285714284,266.0576666666667,0.021942244143505426,-0.460244701165614,254.32,253.0,45.45061906133027,-4.1931330975859,260.6,1.0
2015-04-06,260.72,261.8,254.57,255.49,20034200.0,3655990000,317081.150319,49446390688.2,100949.0,825228.0,-0.01960859554873373,0.028298563544561502,252.65714285714284,249.92785714285714,264.96133333333336,0.01768602226456673,0.01959367302485604,260.6,253.7,42.220992947033615,-2.885031530037651,253.18,0.0
2015-04-08,253.06,253.85,244.22,245.02,30086400.0,3550390000,292501.216186,49446390688.2,108047.0,735211.1,-0.032230033967927896,0.03930291404783281,253.6157142857143,250.3857142857143,262.76933333333335,0.021626916575732447,0.6291627408297866,253.18,255.49,49.03310390036056,-3.2620348137464816,243.68,0.0
2015-04-10,243.69,243.69,232.77,236.07,28882000.0,3420500000,349035.064692,49446390688.2,114091.0,843606.09,-0.031229481286933702,0.046257466005845675,249.67714285714285,249.2564285714286,259.15633333333335,0.02040564714687672,0.33444221128745344,243.68,245.02,41.71454490474751,-4.667764601169125,236.55,1.0
2015-04-12,236.53,237.73,233.5,236.15,12387900.0,3321740000,334287.104212,49446390688.2,88884.0,808298.64,-0.001690974424011893,0.017912343849248315,243.73428571428573,247.62714285714287,255.59,0.013943379617812845,-0.24303399897343148,236.55,236.07,43.588741204065684,-5.781191880856795,224.59,0.0
2015-04-14,224.76,224.98,216.32,219.16,31719000.0,3157970000,388362.959305,49446390688.2,113372.0,856656.0,-0.024177389910503666,0.03951450994707062,234.46,244.19857142857146,251.43933333333334,0.018985775475182452,0.017227998383672505,224.59,236.15,29.12362545818064,-8.322715311325197,223.83,1.0
2015-04-16,223.92,229.67,223.92,228.57,24805400.0,3147650000,339203.091039,49446390688.2,104063.0,795633.3,0.021176785953625377,0.025156407227545172,229.27428571428572,240.77928571428575,247.31633333333332,0.026847591910488102,0.09943267440829717,223.83,219.16,29.85985160758453,-8.846649975776273,222.88,0.0
2015-04-18,222.85,224.32,220.88,223.36,12939000.0,3134170000,326913.123972,49446390688.2,100484.0,742104.16,0.002153625269203152,0.015401146131805146,225.50571428571428,236.36642857142857,244.95,0.026067961455531388,-0.36666046657333895,222.88,228.57,26.61837237977811,-9.279614662102205,222.6,0.0
2015-04-20,222.61,226.35,221.98,224.63,18364700.0,3132400000,408026.906612,49446390688.2,115128.0,935583.95,0.009119496855345854,0.019454213595690713,223.57571428571427,231.44785714285715,242.46533333333335,0.019174253225399677,0.2225609959058683,222.6,223.36,22.27811713977725,-9.084879538281655,235.27,1.0
2015-04-22,235.6,237.91,233.48,234.18,23847900.0,3316990000,338442.961883,47610564513.5,113657.0,852287.94,-0.0046329748799252,0.018917072337518177,227.3557142857143,229.3942857142857,240.29033333333334,0.02279824977119255,-0.045243814556810036,235.27,224.63,40.477863668306405,-7.05321354211253,236.46,1.0
2015-04-24,235.97,236.31,229.93,231.27,21448700.0,3323830000,284008.079902,47610564513.5,110568.0,696484.88,-0.021948743973610796,0.027586803303498057,229.6814285714286,228.53571428571428,239.48833333333334,0.021332431620467465,0.2590220709086639,236.46,234.18,45.67099567099569,-5.680152098110341,226.39,0.0
2015-04-26,226.41,226.94,214.87,219.43,28943700.0,3190790000,352643.365878,47610564513.5,93761.0,816453.96,-0.030743407394319466,0.055006152303695904,229.6614285714286,226.6157142857143,237.83033333333333,0.02675166434520725,1.0737468833290347,226.39,231.27,37.40963855421688,-6.176599927458852,229.29,1.0
2015-04-28,228.97,229.5,223.07,225.85,21469200.0,3228470000,371577.237872,47610564513.5,112434.0,877280.4,-0.015002834837978152,0.02847022359973437,228.98142857142855,227.42928571428573,236.48466666666667,0.025877957902029163,-0.443428215896718,229.29,219.43,55.334077499601335,-5.546644328531983,225.81,0.0
2015-04-30,225.69,239.56,224.99,236.15,33818600.0,3183860000,314775.621891,47610564513.5,114070.0,785569.33,0.04579070900314419,0.0616980732585221,227.74142857142854,228.11214285714286,235.49166666666667,0.032178504358499595,0.7858949647506139,225.81,225.85,55.95163316582915,-4.331020099370846,232.08,0.0
2015-05-02,232.34,235.73,232.34,234.93,12535500.0,3279270000,347909.89788,47610564513.5,96416.0,863705.57,0.012280248190279286,0.01442983016217591,229.07714285714286,229.5957142857143,234.383,0.030296296445509074,-0.333760290827146,232.08,236.15,58.97873661337886,-3.1110891356094896,240.36,1.0
2015-05-04,240.36,242.64,237.81,239.02,21223400.0,3394130000,312624.333323,47643398017.8,94120.0,782431.21,-0.00557497087701786,0.020207514015563484,233.45714285714286,231.8921428571429,233.42833333333334,0.022614575519050276,0.1475767947615727,240.36,234.93,60.51746820640259,-1.397367687736363,236.12,0.0
2015-05-06,236.25,236.45,229.23,229.78,29587200.0,3337790000,338676.3611,47643398017.8,113496.0,846721.89,-0.02685075385397262,0.031421359561319515,235.49142857142857,231.63857142857142,231.75533333333334,0.025574695939635933,0.23645268731377267,236.12,239.02,46.6626213592233,-1.2882620474202326,237.33,1.0
2015-05-08,237.2,246.28,236.27,243.86,27445500.0,3353090000,350518.191907,47643398017.8,108365.0,909134.8,0.027514431382463345,0.04104814237677352,237.34285714285716,232.6,231.18833333333333,0.022532739376782192,-0.05570044453007805,237.33,229.78,58.6791672411416,0.022861711231371373,241.83,0.0
2015-05-10,241.73,244.07,238.85,240.3,15019100.0,3418740000,305519.234838,47643398017.8,90054.0,775494.0,-0.006326758466691507,0.02172284644194756,238.32,235.19357142857146,231.26766666666666,0.021775527630213006,-0.24109547510169016,241.83,243.86,66.24124513618676,0.8258526657329526,242.16,1.0
2015-05-12,242.15,242.88,240.1,241.11,19282600.0,3426350000,374201.853523,47643398017.8,114424.0,957828.66,-0.004335976214073223,0.01153000705072374,239.48142857142858,237.20285714285714,231.62,0.021113908911391956,-0.07704752468612841,242.16,240.3,64.16635722242853,1.3688425312928416,236.38,0.0
2015-05-14,236.21,237.8,234.06,236.93,24413700.0,3344280000,331571.262615,47643398017.8,101228.0,837456.48,0.002326761993400428,0.01578525302832064,240.36714285714288,238.01357142857142,232.60533333333333,0.014917529442647431,-0.10178034665067459,236.38,241.11,50.79983593109107,0.9562896028812133,237.6,1.0
2015-05-16,237.64,237.7,235.29,236.15,11089700.0,3366300000,303150.868677,47643398017.8,93025.0,760292.19,-0.006102693602693554,0.010205377937751415,238.6614285714286,238.49500000000003,233.317,0.00890160897110676,-0.32087523117812045,237.6,236.93,51.387625113739766,0.6777204929818197,236.8,1.0
2015-05-18,236.89,237.21,232.46,233.13,16780300.0,3357380000,332393.96907,48807487244.7,97915.0,813151.55,-0.015498310810810878,0.020374898125509373,236.87142857142857,237.82,234.10666666666665,0.009125074781585486,0.507081720449422,236.8,236.15,42.905324018308825,0.1877623787042637,231.95,0.0
2015-05-20,231.89,234.68,231.84,234.02,15499400.0,3288140000,344525.135825,48807487244.7,107683.0,836349.0,0.008924337141625438,0.012135714896162735,235.22571428571428,237.82500000000002,234.73133333333334,0.008061048374068302,0.08829580322850172,231.95,233.13,55.96846846846848,-0.3516513613362804,235.34,1.0
2015-05-22,235.32,240.97,235.06,240.35,27003000.0,3338560000,344525.135825,48807487244.7,100591.0,857382.5,0.021288348771989485,0.024589140836280412,235.39142857142858,237.43214285714285,234.93933333333334,0.011936724372775442,0.7872247483271448,235.34,234.02,43.680230464530034,0.0471171511370585,238.87,0.0
2015-05-24,238.98,241.98,238.81,240.95,11508000.0,3391910000,342098.902474,48807487244.7,87996.0,850507.02,0.008707665257252861,0.013156256484747822,236.37285714285713,237.26714285714283,235.34233333333336,0.012238785771042615,-0.212050667579596,238.87,240.35,51.17032769175365,0.5598176968900646,237.11,0.0
2015-05-26,237.1,238.24,235.69,237.12,16425000.0,3367040000,327541.502369,48807487244.7,106971.0,800308.48,4.217451815602402e-05,0.010754048582995999,237.68,236.62142857142857,236.28933333333333,0.011972225330692645,0.13873501618840955,237.11,240.95,43.051201671891306,0.4398122491233778,237.28,1.0
2015-05-28,237.26,237.82,236.65,237.41,13829600.0,3370890000,320262.802316,48807487244.7,109786.0,784167.68,0.0005478759271746458,0.004928183311570648,238.44142857142856,236.72,236.94099999999997,0.011616612225171206,-0.26582789191484846,237.28,237.12,51.01180438448565,0.38194133301900024,237.1,0.0
2015-05-30,237.09,237.09,232.05,233.34,14098600.0,3370240000,300852.935509,48807487244.7,132907.0,720632.16,-0.01585828764234498,0.02159938287477497,237.18714285714287,236.48357142857142,237.22366666666667,0.00919545341831392,-0.047713610266801765,237.1,237.41,44.526684846123864,-0.0046982166991256236,230.19,0.0
2015-06-01,230.23,231.71,221.3,222.93,26090500.0,3274370000,332393.96907,48807487244.7,116959.0,771728.0,-0.03153916329988271,0.04669627237249359,233.6242857142857,235.28285714285715,236.76066666666665,0.012250267954819883,0.771152958427241,230.19,233.34,33.94206549118387,-1.5012756994279357,225.8,1.0
2015-06-03,225.74,227.4,223.93,225.87,17752400.0,3212010000,335928.179909,47589591153.6,125399.0,807176.43,0.0003100088573959603,0.01536281932084827,230.37714285714287,234.26142857142855,235.837,0.014495123191180577,-0.13229385600469235,225.8,222.93,37.04292527821934,-2.4015478063087414,224.32,0.0
2015-06-05,224.15,225.97,223.18,224.95,18056500.0,3191080000,335928.179909,47589591153.6,109700.0,799318.9,0.002808487874464971,0.012402756168037307,226.77142857142857,232.37428571428572,235.28266666666664,0.014528296664422805,0.22598977464846115,224.32,225.87,21.79487179487171,-3.0213375112118683,225.62,1.0
2015-06-07,225.6,226.19,222.65,222.88,13318400.0,3213390000,395070.465104,47589591153.6,88440.0,932248.8,-0.012144313447389421,0.01588298636037326,224.62428571428572,230.13714285714286,234.193,0.014314705639371398,0.19646049499169016,225.62,224.95,16.72191528545119,-3.3638516107510554,228.49,1.0
2015-06-09,228.54,230.95,227.93,229.05,28353100.0,3257050000,383242.008065,47589591153.6,115633.0,935586.6,0.00245087312355019,0.013184894127919589,225.88285714285715,228.945,233.37333333333336,0.011690970803993892,0.2127904390377442,228.49,222.88,36.30810994231424,-2.7713307832966336,228.8,0.0
2015-06-11,228.85,230.29,228.77,229.71,14416000.0,3263390000,366682.168211,47589591153.6,125147.0,891497.0,0.003977272727272663,0.006617038875103311,227.07142857142858,227.78928571428574,232.54799999999997,0.011086760944806052,-0.09360696142045166,228.8,229.05,37.310481212920266,-2.223077515494765,229.98,1.0
2015-06-13,229.92,232.65,229.21,232.4,13305300.0,3280180000,373779.242434,47589591153.6,112813.0,913282.74,0.010522654143838572,0.014802065404475033,228.75857142857146,227.2135714285714,232.18366666666668,0.011453301545662927,-0.050821461438039006,229.98,229.71,48.37707182320442,-1.50837279447083,233.54,1.0
2015-06-15,233.42,237.84,233.42,236.82,19912100.0,3331930000,370533.288636,49692386354.9,122279.0,890981.28,0.014044703262824365,0.018663964192213563,231.47142857142856,228.445,232.07066666666668,0.005345626767089534,0.6367140943127922,233.54,232.4,80.23508924684364,-0.4344901026304058,250.9,1.0
2015-06-17,250.82,256.85,246.48,249.28,43858400.0,3581960000,350771.513242,49692386354.9,133747.0,893357.04,-0.006456755679553616,0.041599807445443004,237.51857142857145,231.91,233.079,0.02171379805949577,0.05398442756897048,250.9,236.82,82.75958578225575,2.3084525127928543,249.01,0.0
2015-06-19,249.04,250.98,243.79,244.61,23965300.0,3558500000,397705.729803,49692386354.9,125430.0,999108.3,-0.017669973093449975,0.029393728792772158,242.3657142857143,235.07785714285714,234.00066666666666,0.02463729778210556,-0.2264317209056107,249.01,249.28,75.71951857666144,3.408214043523344,245.21,1.0
2015-06-21,245.1,245.22,241.88,243.94,10600900.0,3503880000,301367.074757,49692386354.9,91203.0,742685.61,-0.005179234125851306,0.013691891448716912,245.68142857142857,237.98142857142855,234.44933333333336,0.02524363601290076,-0.4855954697424799,245.21,244.61,78.70774263904035,3.6536966390885084,246.99,1.0
2015-06-23,246.93,247.3,243.13,244.3,15108700.0,3531700000,353241.735167,49692386354.9,128795.0,877380.24,-0.010891129195513938,0.017069177241097078,246.19142857142856,240.3921428571429,234.83166666666665,0.009694330662288968,-0.14603928218171547,246.99,243.94,71.03448275862068,3.7935319299326125,240.51,0.0
2015-06-25,240.37,243.33,240.37,242.8,16133100.0,3439620000,395235.507879,49692386354.9,113329.0,971550.72,0.00952143362022384,0.012191103789126885,244.0514285714286,242.16357142857143,235.13433333333333,0.011997555798919805,-0.06986491706495856,240.51,244.3,65.89749817828515,3.204447527012718,243.59,1.0
2015-06-27,243.55,251.34,243.12,250.99,20488600.0,3487060000,316188.406303,49692386354.9,108876.0,799424.5,0.030378915390615324,0.03275030877724212,244.73142857142858,244.46357142857144,235.79733333333334,0.015725662145820832,0.4651982693889227,243.59,242.8,69.91643454038996,3.5581194125845172,249.01,0.0
2015-06-29,248.72,257.17,248.58,257.06,34742900.0,3562790000,336442.8851,49402014931.2,117119.0,873579.6,0.0323280189550621,0.03341632303742318,246.8942857142857,247.0142857142857,236.985,0.019357997410572,1.2951392558926118,249.01,250.99,69.35730680948735,4.455807128096126,263.07,1.0
2015-07-01,263.35,265.17,255.77,258.62,27029800.0,3774140000,356089.184959,49402014931.2,150917.0,940636.8,-0.01691564982704219,0.036346763591369596,252.16285714285715,248.5507142857143,239.27066666666667,0.019064400216746553,-0.39304977343051795,263.07,257.06,59.92772108843537,5.824016836638322,255.41,0.0
2015-07-03,255.46,257.08,253.5,256.34,19033800.0,3662970000,397837.572161,49402014931.2,138811.0,1039532.5,0.003641204338122872,0.013965826636498339,255.78571428571428,249.84571428571425,241.27333333333334,0.020961707904179682,-0.11683888659468544,255.41,258.62,62.61019135669743,5.77017837071682,260.89,1.0
2015-07-05,260.81,274.51,258.7,271.91,44156100.0,3741670000,356089.184959,49402014931.2,101714.0,986961.56,0.042240024531411846,0.05814423890257806,260.4714285714286,252.96357142857144,244.05766666666668,0.02231224174480366,1.8268226165783208,260.89,256.34,73.2270386978907,7.083739913139937,269.03,0.0
2015-07-07,269.96,271.34,264.83,266.21,28857600.0,3875220000,363456.547407,49402014931.2,201921.0,1000621.44,-0.0104821023677657,0.024454378122534808,262.63,256.1028571428571,246.949,0.021407902862407294,-0.4129240684531318,269.03,271.91,68.2067475486122,7.659685092151079,270.79,1.0
2015-07-09,270.83,272.33,267.09,269.23,40301200.0,3889620000,338898.672582,49402014931.2,187202.0,945214.56,-0.005760921747479553,0.019462912751179322,266.34285714285716,260.1535714285714,249.69833333333332,0.019352834595196756,0.08980481446828303,270.79,266.21,71.9408932425701,8.049603243649045,284.89,1.0
2015-07-11,284.88,298.51,283.53,293.12,41109900.0,4093500000,356089.184959,49402014931.2,171652.0,1074503.5,0.02888834286917774,0.05110534934497823,275.0257142857143,266.11285714285714,253.68166666666667,0.02740933448214079,-0.5904980575754557,284.89,269.23,77.7426577110496,10.735546870849646,310.87,1.0
2015-07-13,310.83,310.95,281.01,292.05,62053900.0,4468540000,368157.891394,51076366303.5,176542.0,1060744.1,-0.06053977546884548,0.10251669234720082,283.88,273.0307142857143,258.36633333333333,0.04258679569566522,0.10014892296782207,310.87,293.12,67.0732897433395,13.471520416744227,287.46,0.0
2015-07-15,288.05,293.25,285.37,285.83,27486600.0,4143120000,391009.07086,51076366303.5,122340.0,1128304.1,-0.005670354136227629,0.027568834621978084,289.0642857142857,276.7164285714286,261.7973333333333,0.04349181052291897,-0.04318555236848698,287.46,292.05,63.85014761274557,12.649977486799514,278.09,0.0
2015-07-17,278.09,280.28,272.04,279.47,27591400.0,4001950000,365618.871453,51076366303.5,118048.0,1007435.76,0.004962422237405395,0.02948438115003382,289.5557142857143,279.98857142857145,263.71,0.03910065854115764,-0.4424019756439638,278.09,285.83,61.205309563026844,10.547185531448804,274.9,0.0
2015-07-19,274.77,275.67,272.51,273.61,15332500.0,3956140000,363079.851513,51076366303.5,134643.0,991991.37,-0.004692615496544095,0.011549285479331987,281.63,281.11071428571427,265.5396666666667,0.02143303967682982,-0.39125584128383184,274.9,279.47,50.9090909090909,8.166373429303576,278.98,1.0
2015-07-21,278.88,280.55,275.42,275.83,22930700.0,4017540000,355462.791691,51076366303.5,123367.0,984206.16,-0.011291131980787239,0.018598412065402588,278.1014285714286,282.50857142857143,267.7283333333333,0.015043711332949723,0.009655943711087911,278.98,273.61,54.993770764119596,6.801264936809105,277.22,1.0
2015-07-23,277.34,278.11,275.72,276.05,18531300.0,3997290000,378313.971157,51076366303.5,111582.0,1037676.64,-0.004220474713224176,0.008657851838435017,276.58,283.45500000000004,269.7943333333333,0.011993642037086243,-0.044275856378095724,277.22,275.83,53.67694630148802,5.5940201554400915,288.28,1.0
2015-07-25,288.16,290.73,286.0,288.7,20662200.0,4155500000,397611.600337,52278304845.6,106038.0,1104263.52,0.0014569168863605153,0.0163837894007621,279.81,283.38142857142856,272.9166666666667,0.01907232955693545,-0.44455555734769914,288.28,276.05,47.28834355828221,6.315550052056267,292.69,1.0
2015-07-27,292.64,297.77,287.45,293.62,30592000.0,4222210000,402809.137596,52278304845.6,111331.0,1135825.74,0.0031774232122723234,0.03514746951842515,284.6271428571428,282.195,275.97433333333333,0.018010091297006918,0.9081479263736332,292.69,288.7,51.57472417251754,7.167023275258487,294.43,1.0
2015-07-29,294.48,294.54,288.78,289.59,24672600.0,4250940000,387216.525818,52278304845.6,136195.0,1093613.4,-0.016438542268111367,0.019890189578369584,289.0514285714286,282.9614285714286,278.5726666666667,0.019036004488488713,-0.030683282521922206,294.43,293.62,53.814935064935035,7.185816323322797,287.72,0.0
2015-07-31,287.7,288.96,282.34,284.65,23629100.0,4155010000,361228.839522,52278304845.6,133640.0,999862.58,-0.010670095926595513,0.023256630950289847,290.2,284.01928571428573,280.262,0.010122699370718063,0.0921297109420498,287.72,289.59,55.74279379157421,6.094443275813774,281.6,0.0
2015-08-02,280.45,283.03,277.53,282.61,17722200.0,4052470000,408006.674856,52278304845.6,98976.0,1108164.12,0.003586647727272796,0.019461448639467818,287.7457142857143,285.1407142857143,282.0106666666667,0.008150294889613835,-0.06700710713345615,281.6,284.65,60.39260969976904,4.635120157083065,281.23,0.0
2015-08-04,281.23,285.71,281.23,285.22,21908700.0,4065870000,374222.68267,52278304845.6,132719.0,1035690.0,0.014187675568040348,0.01570717340999916,284.66,285.97214285714284,283.13233333333335,0.010310379372444726,0.02023833362050098,281.23,282.61,61.69364881693653,3.7378612819264276,281.88,0.0
2015-08-06,281.91,281.91,278.4,278.58,18792100.0,4077600000,363827.608152,52278304845.6,132494.0,979548.5,-0.01170710940825892,0.012599612319621107,282.2528571428571,286.48571428571427,283.97299999999996,0.00996135165852638,-0.0663702305246423,281.88,285.22,52.860049739995446,2.5496124369244626,279.58,1.0
2015-08-08,279.74,279.93,260.71,261.0,58533000.0,4048270000,411296.56997,52699842409.3,104420.0,1065525.72,-0.06645682809929176,0.07363984674329513,278.5857142857143,283.88571428571424,283.9916666666667,0.0263693939788987,0.37773980341204383,279.58,278.58,22.928068803752964,0.16986532295300094,265.08,1.0
2015-08-10,265.48,267.03,262.6,264.47,20979400.0,3843850000,458451.590731,52699842409.3,110686.0,1162172.07,-0.002301192092952875,0.016750482096267817,273.6871428571429,279.83142857142855,282.3763333333334,0.027872284980101057,-0.11812724888186432,265.08,261.0,21.382289416846646,-1.930930475670948,270.39,1.0
2015-08-12,270.6,270.67,265.47,266.38,26815400.0,3920210000,322225.9752,52699842409.3,115754.0,830459.0,-0.014830430119457061,0.019520985058938317,269.3542857142857,276.45642857142855,280.17133333333334,0.029227050328240786,0.0543172694710603,270.39,264.47,28.980257199782613,-2.663376132251642,264.08,0.0
2015-08-14,264.13,267.47,261.48,265.68,27091200.0,3828340000,351042.932331,52699842409.3,107950.0,900557.27,0.006058770069675923,0.022545919903643515,265.29714285714283,273.41285714285715,278.7203333333334,0.02934639543471029,-0.0214661104188113,264.08,266.38,32.4903082887207,-3.4531800228589873,261.55,0.0
2015-08-16,261.87,262.44,257.04,258.51,29717000.0,3797330000,385099.336214,52699842409.3,86583.0,950836.71,-0.011623016631619243,0.02088894046651958,264.4371428571429,270.25928571428574,277.4703333333334,0.013715041942419567,0.5380594272582824,261.55,265.68,28.962988826815618,-4.5244038323496625,257.98,0.0
2015-08-18,257.93,257.99,211.08,211.08,42147200.0,3742020000,379859.889463,52699842409.3,120131.0,926771.5,-0.18179703853011864,0.22223801402311916,255.03714285714287,263.30285714285714,274.822,0.06621751906669773,0.949643582401621,257.98,258.51,12.683712502516585,-9.004863866453604,226.68,1.0
2015-08-20,226.9,237.37,226.9,235.35,32275000.0,3293570000,406057.123219,52699842409.3,116834.0,909597.0,0.03824775013234505,0.04448693435309114,245.26142857142858,256.27214285714285,271.72933333333333,0.08079026719878338,-0.4697646757309115,226.68,211.08,31.520902795588597,-11.424601933983695,232.57,0.0
2015-08-22,232.66,234.96,222.7,230.39,23205900.0,3379050000,412658.093588,54256630327.9,107795.0,869575.88,-0.009373521950380548,0.053214115195972134,236.07999999999998,250.72785714285715,268.719,0.08039659067551083,0.0013851849933976812,232.57,235.35,35.046409379579856,-12.472025238198086,228.17,0.0
2015-08-24,228.11,228.14,210.44,210.5,59220700.0,3314640000,423446.540479,54256630327.9,117026.0,842084.76,-0.07744225796555193,0.08408551068883605,224.96285714285713,244.23642857142858,264.1086666666667,0.08343765923298638,2.2173622504971044,228.17,230.39,27.04381114419394,-14.469259979735341,221.61,1.0
2015-08-26,222.08,231.18,220.2,225.83,31808000.0,3228540000,418052.317033,54256630327.9,125549.0,892476.0,0.019042461982762493,0.04862064384714173,226.3457142857143,237.8557142857143,259.4796666666667,0.04267750513519678,-0.47931876665597195,221.61,210.5,33.50955673037822,-14.306139643941918,224.77,0.0
2015-08-28,224.7,235.22,220.93,231.4,31336600.0,3268370000,401869.646696,54256630327.9,121692.0,877903.33,0.029496818970503158,0.06175453759723419,224.66714285714286,232.5992857142857,255.218,0.04126813501215971,0.4305422407260311,224.77,225.83,36.476250591762664,-12.98354563498961,229.78,0.0
2015-08-30,229.9,232.07,226.25,228.76,19412600.0,3345740000,388384.088082,54256630327.9,92338.0,819141.99,-0.004439028636086695,0.025441510753628226,224.66428571428574,228.20499999999998,251.42366666666666,0.0410239753494889,0.13242525885955958,229.78,231.4,37.828328287374184,-11.541612925540136,230.06,1.0
2015-09-01,230.26,231.22,226.86,228.12,20575200.0,3352760000,409960.981865,54256630327.9,140970.0,874008.96,-0.008432582804485778,0.01911274767666134,228.38857142857142,227.42785714285714,247.88933333333335,0.014726342867265079,-0.006542511841705068,230.06,228.76,60.9202768520892,-10.223584882939718,229.28,1.0
2015-09-03,229.32,229.6,226.67,227.18,17482000.0,3340990000,407263.870142,54256630327.9,137446.0,866697.62,-0.00915910676901599,0.012897262082929866,229.22571428571428,227.03,244.22299999999998,0.01374713944628776,-0.06814353638515169,229.28,228.12,42.83459042273286,-9.125072967798673,230.3,1.0
2015-09-05,230.2,236.14,229.44,235.02,20671400.0,3355470000,427538.389387,56957648455.0,137427.0,893388.69,0.020495006513243652,0.028508212067058072,229.81714285714287,227.19857142857146,241.05166666666665,0.011300186775785212,-0.01388199824447578,230.3,227.18,53.86541993655035,-7.394702209137677,239.84,1.0
2015-09-07,239.93,242.11,238.72,239.85,21192200.0,3499120000,385067.688455,56957648455.0,119041.0,826486.75,4.169446297530577e-05,0.01413383364602883,232.79857142857145,230.12857142857143,239.022,0.012615121281859898,-0.16807530904422996,239.84,235.02,82.73477581976354,-5.055751696952285,243.61,1.0
2015-09-09,243.41,244.42,237.82,238.17,23635700.0,3551640000,399224.588766,56957648455.0,128619.0,852524.08,-0.022330774598743997,0.02771129865222318,236.28142857142856,232.58142857142857,237.42966666666663,0.016536188949632238,-0.12066951397363013,243.61,239.85,65.94315245478032,-3.3169810298699645,238.48,1.0
2015-09-11,238.33,241.17,238.33,240.11,19224700.0,3479310000,489828.750755,56957648455.0,165288.0,1044415.29,0.0068349547131836275,0.011827912206905064,239.29714285714286,234.18285714285713,235.49033333333333,0.015138877862165246,-0.09383705309797086,238.48,238.17,63.21699544764793,-2.2814090702332237,235.23,0.0
2015-09-13,235.24,235.94,229.33,230.51,18478800.0,3435990000,396393.208704,56957648455.0,139320.0,810256.5,-0.020065467839986417,0.028675545529478052,237.99428571428572,234.69714285714286,233.3563333333333,0.01523551786465956,0.028737487891507874,235.23,240.11,52.19243297419193,-2.517797707288679,230.64,1.0
2015-09-15,230.49,259.18,229.82,230.3,19177800.0,3368360000,461514.950133,56957648455.0,165993.0,943920.0,-0.001474158862296071,0.12748588797221022,234.77714285714288,234.8942857142857,231.38566666666668,0.012418501393857261,-0.08667574698301728,230.64,230.51,52.934841141626286,-2.8646251236450837,229.09,0.0
2015-09-17,229.08,230.28,228.93,229.81,18935400.0,3349390000,399224.588766,56957648455.0,241346.0,830934.0,0.003142869614561894,0.005874417997476151,232.24142857142854,235.06857142857143,231.047,0.010887801836432114,-0.06000734702792865,229.09,230.3,53.672158614912014,-3.0963100510784614,232.97,1.0
2015-09-19,232.86,233.21,231.09,231.49,12712600.0,3406390000,389344.072709,59335351233.9,117999.0,766418.62,-0.006352749281023251,0.009158062983282235,230.68714285714285,235.00714285714284,231.12800000000001,0.010302637831423185,-0.371975378170357,232.97,229.81,44.587549831340084,-2.7394239289054667,231.21,0.0
2015-09-21,231.22,231.22,226.52,227.09,19678800.0,3383840000,389344.072709,59335351233.9,124667.0,753538.56,-0.01781929847324948,0.020696640098639255,230.28,233.4792857142857,230.97266666666667,0.009617711191969228,0.36235435834596763,231.21,231.49,30.17402113113741,-2.8700975659504024,230.62,1.0
2015-09-23,230.94,231.84,229.59,230.28,17254100.0,3381390000,442436.446261,59335351233.9,134964.0,868521.15,-0.0014742867054028386,0.009770713913496612,230.49571428571429,231.98785714285717,231.71366666666665,0.01153007066061019,-0.3100926455358607,230.62,227.09,35.307262569832446,-2.619626439517191,234.53,1.0
2015-09-25,234.36,237.43,233.68,235.14,22363600.0,3433300000,477831.361961,59335351233.9,130740.0,961315.83,0.002600946573998897,0.015947945904567492,231.48000000000002,231.35071428571428,232.45466666666664,0.012496443464164956,-0.10894181960171812,234.53,230.28,41.65267047363112,-1.7315319100686963,234.34,0.0
2015-09-27,234.14,234.53,232.48,232.76,14179900.0,3431860000,424738.98841,59335351233.9,107256.0,842917.0,-0.006742340189468399,0.008807355215672845,232.10857142857142,231.44785714285717,232.81900000000002,0.012638683279354034,0.03321164957993594,234.34,235.14,54.988913525498894,-1.3172340059558678,239.14,1.0
2015-09-29,239.02,239.8,235.93,236.69,22691300.0,3505090000,510276.701354,59335351233.9,139440.0,1033908.0,-0.010245044743664722,0.016350500654865034,234.69714285714284,232.51142857142858,233.39533333333335,0.01391501782980417,-0.08180714603649897,239.14,232.76,60.33646069233257,-0.4018486506725196,236.06,0.0
2015-10-01,236.0,238.44,235.62,237.55,20488800.0,3462800000,465548.431663,60813224039.4,135885.0,927003.42,0.006311954587816748,0.0118711850136813,235.95428571428573,233.56214285714285,233.90966666666665,0.012528914823527772,0.037749132625927606,236.06,236.69,62.443729903537005,0.05300712125679752,237.29,0.0
2015-10-03,237.2,239.31,236.94,238.73,16482700.0,3482100000,459502.348135,60813224039.4,132880.0,914586.08,0.006068523747313481,0.009927533196498155,236.88857142857142,234.38785714285714,234.56166666666667,0.012482405166379527,-0.16237505018320042,237.29,237.55,62.855113636363605,0.5013071854026805,238.26,0.0
2015-10-05,238.15,240.38,237.03,240.38,23335900.0,3497740000,447410.181079,60813224039.4,117528.0,890376.84,0.008897842692856539,0.013936267576337442,237.85142857142856,235.84071428571428,235.00566666666666,0.006694941761582437,0.7952073236402801,238.26,238.73,75.21821631878557,0.9488523098863197,246.06,1.0
2015-10-07,246.17,246.68,242.59,242.97,22999200.0,3617400000,408110.638146,60813224039.4,139516.0,834095.25,-0.012557912704218466,0.016833353912005612,240.17714285714283,237.84999999999997,235.317,0.011213298975508209,-0.16473156080784168,246.06,240.38,70.304,1.8740663041568268,242.3,0.0
2015-10-09,242.5,244.23,242.12,243.93,17353100.0,3565090000,402064.554618,60813224039.4,119490.0,819523.44,0.006727197688815467,0.008650022547452077,241.80428571428573,239.03285714285715,235.46533333333335,0.011375906470899021,-0.06276970937548942,242.3,242.97,65.31892645521091,2.2082510049819177,244.94,1.0
2015-10-11,244.74,247.24,244.15,247.05,16827300.0,3599840000,453456.264607,60813224039.4,105878.0,935013.52,0.008614354535804836,0.012507589556769897,243.94714285714286,240.81071428571428,235.91199999999998,0.0111585368540633,0.057476103992408545,244.94,243.93,74.27794767244312,2.7368779559241148,245.31,0.0
2015-10-13,245.2,250.24,243.76,249.51,28198500.0,3608340000,405087.596382,60813224039.4,133757.0,842332.5,0.01712119359178188,0.025970902969820922,245.1442857142857,242.16714285714284,236.88133333333334,0.010129698464646881,0.621693897620814,245.31,247.05,74.15222305953274,3.171417273048405,251.99,1.0
2015-10-15,252.11,255.96,252.05,254.32,25223500.0,3711800000,493327.875054,60883825480.1,157228.0,1045411.92,0.009246398666613587,0.015374331550802126,248.15,244.50285714285715,238.39366666666666,0.007350535402210945,-0.08153270265743229,251.99,249.51,78.68628121792673,4.10859506243699,262.87,1.0
2015-10-17,262.75,273.58,262.37,270.64,43199600.0,3870490000,396478.230872,60883825480.1,139308.0,888738.21,0.02955833682048148,0.04142033697901264,254.52714285714288,248.60928571428573,240.88066666666666,0.01382196037460778,0.2032811999498627,262.87,254.32,86.3854047890536,6.491492309787503,261.64,0.0
2015-10-19,261.86,264.82,260.95,263.44,25258800.0,3859270000,502407.529196,60883825480.1,136583.0,1103132.16,0.006879682005809462,0.014690252049802628,259.20142857142855,251.92642857142854,242.90133333333333,0.02187456304326993,0.1259009641486475,261.64,270.64,72.14752208989627,7.048115021619566,269.46,1.0
2015-10-21,269.31,270.77,263.84,266.27,25637300.0,3970980000,438849.950201,60883825480.1,161031.0,983560.5,-0.011838491798411677,0.026026213993315082,264.09142857142854,255.26214285714286,245.48233333333332,0.023943729456366542,-0.1700399484619518,269.46,263.44,72.19047619047619,7.81323383067442,274.02,1.0
2015-10-23,273.65,278.68,273.54,276.5,29442500.0,4037010000,466088.912628,60883825480.1,146222.0,1075873.54,0.009050434274870511,0.018589511754068668,268.8528571428571,259.8542857142857,248.46966666666668,0.023190306748632903,-0.22127505382373325,274.02,266.27,76.94853549561475,9.060325060875869,281.65,1.0
2015-10-25,281.44,294.06,281.44,283.68,45717100.0,4154100000,469115.464008,60883825480.1,128209.0,1150243.99,0.0072075270726079665,0.044486745628877625,273.57428571428574,265.0928571428571,251.65833333333333,0.013415049157834901,0.7622540705563094,281.65,276.5,78.3997518995193,10.503668634224312,285.3,1.0
2015-10-27,285.18,296.21,285.01,293.79,46331800.0,4211500000,478195.11815,60883825480.1,141609.0,1173025.4,0.029758149316508886,0.03812246842983079,280.17285714285714,271.1121428571429,255.39133333333334,0.014659951797824861,0.44296267689854485,285.3,283.68,82.24584911156424,11.997188848446797,304.62,1.0
2015-10-29,304.32,318.17,301.82,313.86,64495900.0,4496390000,458010.013458,62253982449.8,165622.0,1158573.88,0.03033287374433713,0.05209329000191175,291.34285714285716,279.12428571428575,260.1463333333333,0.01274825778892684,0.2694019260708431,304.62,293.79,85.47426120114395,15.226517339848044,328.01,1.0
2015-10-31,328.51,332.78,309.25,314.17,48598100.0,4856410000,470388.662471,62253982449.8,155292.0,1190201.76,-0.04219383555379397,0.07489575707419541,303.34714285714284,286.88642857142855,265.76533333333333,0.029567634864648213,-0.37937424174701484,328.01,313.86,72.76911810858878,18.065553326582688,325.43,1.0
2015-11-02,325.94,365.36,323.21,361.19,101918000.0,4820850000,448726.026699,62253982449.8,159656.0,1245221.95,0.10988538241710955,0.11669758298956237,320.1528571428571,298.425,272.7853333333333,0.04419989016543796,1.754458651229288,325.43,314.17,87.07988771716867,22.655648328169605,403.42,1.0
2015-11-04,403.66,495.56,380.55,411.56,263900000.0,5973510000,479672.64923,62253982449.8,211121.0,1713673.05,0.020177482524416313,0.27944892603751575,351.0914285714286,318.37142857142857,283.99666666666667,0.054620296608880674,0.28006131100784826,403.42,361.19,91.99861247615195,33.409282941856134,386.35,0.0
2015-11-06,388.05,395.84,354.02,374.47,122687000.0,5745320000,423968.728674,62253982449.8,165214.0,1342629.66,-0.030749320564255167,0.1116778380110556,368.0842857142857,333.3928571428572,293.0563333333333,0.07159948066186303,-0.19191832702124156,386.35,411.56,74.51333633588553,34.6538221681148,386.48,1.0
2015-11-08,384.28,389.89,368.7,373.37,51817600.0,5692390000,433252.715433,62253982449.8,134785.0,1344441.24,-0.03392154833367833,0.05675335458124648,385.2628571428572,347.28714285714284,302.17699999999996,0.07033158463420756,-0.08490051231697604,386.48,374.47,70.59282729485237,33.92307711509238,380.26,1.0
2015-11-10,379.98,381.39,329.11,336.82,95797900.0,5631520000,442536.702193,62253982449.8,154030.0,1273595.16,-0.1142376268868669,0.15521643607861757,378.4728571428572,357.1435714285714,309.68,0.052555451220544905,0.4041589226141966,380.26,373.37,58.33947052211325,28.789306483414407,311.08,0.0
2015-11-12,314.08,345.08,313.36,338.15,78477800.0,4657240000,477906.839865,65848255179.7,154219.0,1218630.0,0.087019416227337,0.09380452461925173,357.23285714285714,359.34000000000003,314.82700000000006,0.06824733631145953,-0.2670421219762772,311.08,336.82,54.17741547139958,20.277285460972564,336.75,0.0
2015-11-14,336.62,338.18,329.97,332.91,38612000.0,4994250000,497546.846983,65848255179.7,156065.0,1269517.5,-0.011403118040088978,0.024661319876242763,344.1914285714286,361.30285714285714,320.272,0.06520609730284402,-0.2575043747476107,336.75,338.15,53.49652959176059,15.41832555932126,320.17,0.0
2015-11-16,319.74,331.63,315.9,330.75,47980100.0,4746070000,576106.875454,65848255179.7,150942.0,1457241.0,0.03304494487303611,0.04755857898715047,329.5185714285714,358.7528571428571,324.18566666666663,0.06702659041946815,0.08520099246603374,320.17,332.91,43.769444899295884,10.614024265058163,335.09,1.0
2015-11-18,334.59,336.53,330.64,334.59,43783800.0,4969330000,458266.832747,65848255179.7,168587.0,1179974.88,-0.0014921364409561377,0.017603634298693886,332.63,348.3742857142857,329.0056666666666,0.039966433400010395,-0.14152105031998996,335.09,330.75,30.636477987421372,8.469779863553185,326.15,0.0
2015-11-20,326.41,326.47,312.22,322.02,53152900.0,4850170000,520460.18862,65848255179.7,155128.0,1282480.0,-0.012662885175532712,0.04425190981926588,328.81142857142856,340.3278571428571,332.7536666666666,0.023786561383428433,0.1808842707687659,326.15,334.59,34.94805716581527,5.256572958230265,326.93,1.0
2015-11-22,326.98,327.01,321.26,324.54,23439400.0,4861340000,569560.206415,65848255179.7,126564.0,1409226.76,-0.007310433426115592,0.01771738460590374,328.58142857142855,332.5864285714286,336.1186666666667,0.019655265486222734,-0.16883033988759066,326.93,322.02,34.39038424653154,3.3165161046128446,323.05,0.0
2015-11-24,323.01,323.06,318.12,320.05,29362600.0,4805160000,549490.493162,72722780642.5,150056.0,1227886.4,-0.009286488159727546,0.015435088267458203,325.3328571428571,327.3021428571429,338.711,0.0122385738170716,0.06855077896131223,323.05,324.54,42.41656868951795,1.3919401032082988,328.21,1.0
2015-11-26,328.3,366.76,328.23,352.68,106105000.0,4886330000,585641.183501,72722780642.5,164730.0,1419492.0,0.07455592456049498,0.10924917772484964,328.2114285714286,329.5635714285714,342.1043333333334,0.031130191066099478,1.5465057395678583,328.21,320.05,58.037393516981986,3.072211325832882,358.04,1.0
2015-11-28,357.14,359.54,352.17,357.38,36816600.0,5318300000,527800.078958,72722780642.5,171602.0,1301570.64,-0.00184336945592678,0.020622306788292587,337.7071428571429,332.83214285714286,345.33566666666667,0.029969081729793432,-0.33277998372572226,358.04,352.68,63.4199846440715,6.213551998980108,371.29,1.0
2015-11-30,371.44,382.36,370.38,377.32,71701600.0,5534000000,542260.355094,72722780642.5,172183.0,1408908.46,0.016240674405451294,0.03175023852432953,352.1385714285714,339.81,348.8833333333333,0.0279389471919999,0.774383619612317,371.29,357.38,76.52352204123476,10.296175003889743,362.49,0.0
2015-12-02,361.85,362.23,349.46,359.19,54160500.0,5394070000,531415.147992,72722780642.5,177277.0,1337791.88,-0.009103699412397637,0.035552214705309275,362.6271428571429,343.52428571428567,350.05199999999996,0.03632964574507992,-0.10407727096780595,362.49,377.32,62.168579343094585,10.40225514225591,361.05,1.0
2015-12-04,361.26,363.52,355.76,363.18,35784100.0,5388110000,527800.078958,72722780642.5,160944.0,1326955.76,0.005899459908599969,0.021366815353268325,364.5571428571429,348.9571428571429,347.02700000000004,0.023926371839264146,-0.2944065747936011,361.05,359.19,72.24864864864864,10.272480650115483,388.95,1.0
2015-12-06,389.56,402.81,387.09,388.78,77762000.0,5813290000,621791.873841,72722780642.5,179777.0,1688873.2,-0.0004370741740583606,0.040434178712896826,371.5657142857143,357.9757142857143,347.59066666666666,0.033264064122933756,0.17319582029564495,388.95,363.18,78.9004858736728,13.539062419959123,395.54,1.0
2015-12-08,395.75,415.56,389.95,415.56,57801400.0,5908810000,625219.90858,79102380900.2,192097.0,1582724.93,0.05061435000252823,0.061627683126383705,381.75,369.9757142857143,349.29900000000004,0.029506508203364677,-0.0891076938593478,395.54,388.78,85.79030203102748,17.537633590192968,417.56,1.0
2015-12-10,417.99,419.51,411.55,415.48,52138900.0,6244360000,770711.333848,79102380900.2,211452.0,2051183.4,-0.004981320049813109,0.019158563589101712,397.86428571428576,380.84357142857147,353.16433333333333,0.02889425037070253,-0.426523254125732,417.56,415.56,79.9389778794813,20.64952259975206,451.94,1.0
2015-12-12,452.33,469.1,410.74,435.0,131969000.0,6761730000,656677.514044,79102380900.2,211456.0,1796268.96,-0.03748285170597865,0.1341609195402299,417.1228571428572,393.09499999999997,361.08799999999997,0.04090655661705941,0.18951002307470444,451.94,415.48,75.48929462761066,25.395744055178056,433.75,0.0
2015-12-14,433.27,447.14,430.46,444.18,130496000.0,6480070000,692067.32019,79102380900.2,221499.0,1978018.4,0.024046109510086566,0.037552343644468474,430.49571428571426,402.33214285714286,368.0303333333333,0.04118969022142812,1.3704737096416753,433.75,435.0,73.21527777777779,26.876701865935672,465.32,1.0
2015-12-16,465.21,465.21,443.85,454.93,107944000.0,6962090000,660609.714727,79102380900.2,222531.0,1926328.77,-0.02232872002063091,0.04695227837249677,442.9428571428571,416.5157142857143,377.008,0.043356511216467046,0.2986353645464268,465.32,444.18,80.41296060991107,29.508184229908238,456.08,1.0
2015-12-18,455.85,465.18,454.94,463.62,60220100.0,6825640000,629152.109263,79102380900.2,214387.0,1852781.15,0.016532187335555282,0.02208705405288816,450.4114285714286,430.4778571428571,385.3419999999999,0.02864355983392163,0.25515023427208905,456.08,454.93,80.98087600246762,30.042510396901548,462.32,0.0
2015-12-20,462.23,462.64,434.34,442.69,75409400.0,6925030000,785065.607087,93448670796.3,191441.0,1851709.86,-0.042459768125973296,0.06392735322686306,455.59142857142854,439.56928571428574,393.90333333333336,0.02987761924261155,0.5745489396087504,462.32,463.62,67.15895346616591,27.87475010662405,438.64,0.0
2015-12-22,437.44,443.69,435.52,436.57,50840400.0,6556960000,654995.565676,93448670796.3,223130.0,1553396.74,-0.004719131862119252,0.01871406647273064,450.6928571428571,444.1485714285714,401.36133333333333,0.018879802815663867,-0.3451752131963416,438.64,442.69,57.69991937257201,23.450131925890958,442.4,1.0
2015-12-24,443.09,458.46,443.08,454.99,57157200.0,6645120000,692158.434651,93448670796.3,227189.0,1709121.75,0.02845840867992777,0.03380294072397194,448.7471428571429,448.745,409.8376666666666,0.023014848852308995,0.21194875470193852,442.4,436.57,63.1027392717384,21.483069901297085,455.65,1.0
2015-12-26,455.76,457.49,405.76,417.27,116166000.0,6838480000,864036.703658,93448670796.3,170904.0,1955357.22,-0.08423131789750904,0.1239724878376112,441.17285714285714,447.74357142857144,416.2386666666667,0.03795102064383021,1.9726320099287333,455.65,454.99,43.50120958873982,17.223659421210186,422.82,1.0
2015-12-28,423.34,429.77,418.48,422.28,49638600.0,6356100000,747902.738112,93448670796.3,166837.0,1719238.9,-0.0012771392081737387,0.02673581509898637,435.9971428571429,445.3985714285714,420.5613333333333,0.036797079789538605,-0.073754646285211,422.82,417.27,41.62972022626508,12.253953449771245,432.98,1.0
2015-12-30,433.3,434.39,422.08,426.62,46889400.0,6508960000,803647.041574,93448670796.3,181836.0,1864368.0,-0.014688900180146902,0.028854718484834285,433.22999999999996,441.0664285714286,424.261,0.03829742636118864,-0.09122905623443456,432.98,422.28,37.8341211860765,9.678336127579655,430.57,1.0
2016-01-01,430.72,436.25,427.51,434.33,36278900.0,6473530000,697129.166406,103880340815.0,123623.0,1467328.02,0.008732610260816953,0.020122947988856422,426.69571428571425,437.15214285714285,429.035,0.03656524141907554,-0.2112699634320797,430.57,426.62,37.30605876744387,8.166003971674968,433.44,0.0
2016-01-03,433.58,433.74,424.71,430.01,39633800.0,6519500000,769424.042922,103880340815.0,141064.0,1604631.24,-0.007913436692506437,0.020999511639264272,430.0328571428571,434.1835714285714,433.67566666666664,0.013197149233917899,0.3168862928038383,433.44,434.33,43.5803969218307,6.7423703070383,433.09,1.0
2016-01-05,433.07,434.18,429.68,431.96,34522600.0,6515380000,841718.919438,103880340815.0,187012.0,1774245.2,-0.002609157449952604,0.010417631262153903,431.43142857142857,433.4578571428571,436.58633333333336,0.009147371947293627,-0.10278474433110263,433.09,430.01,47.620030975735666,5.726180759381407,429.11,0.0
2016-01-07,430.01,458.77,429.08,458.05,87562200.0,6472580000,743604.444166,103880340815.0,177873.0,1648782.14,0.06744191466057647,0.06481825128261107,435.7128571428571,432.72714285714284,439.12166666666667,0.026473013629877397,1.5721436439744436,429.11,431.96,51.38813282525857,6.705485238302913,453.23,0.0
2016-01-09,453.38,454.64,446.89,447.61,32278000.0,6828000000,821063.240434,103880340815.0,178374.0,1802400.6,-0.012399885267965538,0.01731417975469717,440.4371428571429,434.72142857142853,441.3816666666667,0.028303484708889454,-0.4336497464600916,453.23,458.05,68.58613085028182,7.71396438140107,447.99,1.0
2016-01-11,448.7,450.66,443.86,448.43,40450000.0,6761090000,877866.357696,103880340815.0,179771.0,1914972.13,0.0009821647804637568,0.015164016680418373,445.19714285714286,438.38714285714286,441.6976666666667,0.027892158766972385,0.12373909250775772,447.99,447.61,67.12508185985595,7.758010493079041,435.69,0.0
2016-01-13,434.67,435.19,424.44,432.37,173888000.0,6553350000,862135.539442,113354299801.0,191628.0,1657710.63,-0.007620096857857583,0.024862964590512755,446.19571428571425,438.99142857142857,441.3686666666666,0.03072615003298177,0.5041303727282951,435.69,448.43,53.81552753815528,5.432397866673398,430.31,0.0
2016-01-15,430.25,430.25,364.33,364.33,153351000.0,6489870000,693089.355238,113354299801.0,185105.0,1217938.2,-0.15333131928144828,0.18093486674169026,429.53285714285715,433.97285714285715,437.1816666666666,0.055629924770805694,2.489572311158139,430.31,432.37,24.204009433962256,-1.9773259588017709,387.54,1.0
2016-01-17,387.15,390.96,380.09,382.3,45319600.0,5842270000,783247.320146,113354299801.0,192731.0,1352544.05,-0.013521184909944806,0.028433167669369618,411.5671428571428,427.2864285714286,432.1863333333333,0.06547394347118982,-0.6234412390321723,387.54,364.33,35.07289906764282,-7.7062479084224265,387.17,1.0
2016-01-19,387.03,387.73,378.97,380.15,46819800.0,5843510000,839596.048215,113354299801.0,205735.0,1425654.9,-0.018131570111320716,0.02304353544653424,394.88142857142856,420.30571428571426,427.59666666666664,0.06612440149072224,-0.13940360893244785,387.17,382.3,34.533404979401766,-11.109668115086436,420.23,1.0
2016-01-21,419.63,422.88,406.3,410.26,68338000.0,6338800000,755072.956112,113354299801.0,210240.0,1384752.0,-0.023725102919829655,0.040413396382781616,390.28285714285715,416.2578571428572,426.106,0.08146445309793177,-0.4385639171869865,420.23,380.15,37.13593539703904,-8.316915376865609,382.49,0.0
2016-01-23,382.43,394.54,381.98,387.49,56247400.0,5779890000,1008642.23242,113354299801.0,200913.0,1754466.0,0.013072237182671476,0.03241373970941186,392.87,406.9107142857143,421.85900000000004,0.05337876581112898,-0.3855872309840016,382.49,410.26,35.553633217993095,-10.415529451513805,402.97,1.0
2016-01-25,402.32,402.32,388.55,391.73,59062400.0,6083900000,974832.995578,113354299801.0,210592.0,1691196.21,-0.027892895252748406,0.03515176269369204,396.4742857142857,399.645,419.25166666666667,0.05637831584941021,0.07729348761874189,402.97,387.49,37.883579793144726,-9.677551727090531,392.15,1.0
2016-01-27,392.44,396.84,391.78,394.97,47424400.0,5937780000,918901.018161,120033340651.0,226385.0,1537171.65,0.007191125844702384,0.012811099577183082,394.58,393.86357142857145,417.319,0.034788487905401094,-0.18440504239255684,392.15,391.73,41.544583107252684,-9.250594286557089,380.29,0.0
2016-01-29,380.11,384.38,365.45,379.47,86125300.0,5753970000,1014371.25381,120033340651.0,222622.0,1620331.7,-0.002156249178258629,0.049885366432129034,389.8671428571429,391.3721428571429,413.991,0.025751220456730412,0.4536430827084166,380.29,394.97,54.48938441466019,-10.578052804598144,378.25,0.0
2016-01-31,378.29,380.35,367.83,368.77,37894300.0,5729870000,1068073.26137,120033340651.0,168625.0,1698131.16,-0.025062789160608112,0.03395070097893006,383.6614285714286,389.7421428571429,410.06166666666667,0.01716771463835366,0.25128118767418206,378.25,379.47,45.51600715848081,-11.944229790388022,373.06,1.0
2016-02-02,372.92,375.88,372.92,374.45,40378700.0,5651690000,978569.915444,120033340651.0,231998.0,1552556.36,0.003725942207687627,0.007904927226598957,378.46571428571434,388.3271428571429,406.19700000000006,0.017960735278890114,-0.21832598675486437,373.06,368.77,48.029863127333066,-12.174032952998232,369.95,0.0
2016-02-04,370.17,391.61,369.99,389.59,69285500.0,5613380000,1103874.59974,120033340651.0,201065.0,1796689.96,0.05308825516961746,0.055494237531764176,376.21999999999997,383.25928571428574,402.68,0.024693422429835476,0.5083904087221935,369.95,374.45,41.29684210526316,-10.804345788697901,386.55,0.0
2016-02-06,386.59,386.63,372.39,376.52,49249300.0,5865740000,1139675.93811,120033340651.0,232752.0,1796933.68,-0.02594748415470194,0.03782003612025924,376.9842857142857,382.7657142857143,398.54366666666664,0.02730535188304274,0.12377181973759277,386.55,389.59,44.462392730943954,-9.528167787079383,376.62,1.0
2016-02-08,376.76,379.88,373.33,373.45,47671100.0,5720100000,1153414.86437,144116447847.0,220559.0,1527627.0,-0.00841697201423186,0.01753916186905881,378.16142857142853,379.57785714285717,393.518,0.025101619136337662,0.28575666935481703,376.62,376.52,37.910052910052904,-9.224343833008447,376.03,1.0
2016-02-10,376.15,385.48,375.78,381.65,85130900.0,5713880000,1210727.40421,144116447847.0,233941.0,1617865.62,0.014945616041273313,0.02541595702869133,380.0585714285715,377.475,388.8933333333333,0.02496192066439744,0.5389227835172681,376.03,373.45,41.732869910625595,-8.049172763447359,379.65,0.0
2016-02-12,379.69,384.95,379.6,384.26,67042800.0,5771040000,1139086.72941,144116447847.0,202906.0,1531180.44,0.01214276307124984,0.013922864727007666,378.31142857142856,377.7714285714286,385.4216666666667,0.014060101762412076,-0.09859147354777642,379.65,381.65,53.341705036975,-6.565395338177325,391.86,1.0
2016-02-14,392.93,407.23,392.93,407.23,74469800.0,5975580000,1289532.1465,144116447847.0,188927.0,1824390.92,0.039223191956310854,0.0351152911131302,384.8757142857143,381.49071428571426,385.57,0.01605826362918997,0.20283888182685983,391.86,384.26,72.90922087205146,-2.8000031634853144,400.19,0.0
2016-02-16,401.43,408.94,401.43,407.49,73093100.0,6108040000,1067446.0546,144116447847.0,218780.0,1531594.54,0.018241335365701383,0.018429900120248328,393.19,385.78857142857134,386.83133333333336,0.018273644341018497,-0.013195536684645015,400.19,407.23,67.8401727861771,0.1725389344131827,416.32,1.0
2016-02-18,416.57,426.0,415.64,422.37,76752600.0,6341430000,1289532.1465,144116447847.0,212765.0,1902961.74,0.01453209069946193,0.024528257215237857,404.2457142857143,391.4421428571428,389.2103333333334,0.01690114436201731,-0.07742182090930072,416.32,407.49,69.66642668586513,4.177294267510945,420.79,0.0
2016-02-20,421.6,441.98,421.6,437.16,93992100.0,6421310000,1284099.85114,163491654909.0,225259.0,1754843.64,0.03890301575607791,0.04661908683319607,415.93571428571425,398.2192857142857,390.12566666666663,0.020820309893189344,0.687128105070246,420.79,422.37,84.36862389480842,7.926928191603338,438.8,1.0
2016-02-22,438.99,439.05,432.92,437.75,85385200.0,6689200000,1056537.8522,163491654909.0,224964.0,1443980.5,-0.0023928896991796123,0.014003426613363781,425.8114285714286,407.25357142857143,393.678,0.01515844656264096,-0.04938171267870328,438.8,437.16,86.68416248288452,11.078580207228242,420.74,0.0
2016-02-24,420.96,425.55,413.91,424.95,67743700.0,6417190000,999647.352469,163491654909.0,225112.0,1319648.9,0.010006179588344377,0.027391457818566858,428.9371428571429,413.53999999999996,395.37766666666664,0.023445175131100462,-0.20530495079471034,420.74,437.75,71.50804689052255,10.429917706819595,424.54,0.0
2016-02-26,424.63,432.15,421.62,432.15,61486000.0,6476080000,1219082.13716,163491654909.0,209880.0,1609521.62,0.017925283836623063,0.02436653939604298,430.87,420.1671428571429,397.69666666666666,0.023631051232679803,-0.13152913924122145,424.54,424.95,73.45939061428433,10.421364766617387,432.52,1.0
2016-02-28,432.57,435.68,423.82,433.5,53033400.0,6600310000,1210954.92291,163491654909.0,224697.0,1632881.49,0.002265791177286536,0.02735870818915805,429.45,424.9478571428571,401.2386666666667,0.01791690332050748,0.2659069643095844,432.52,432.15,66.3269111249223,10.599951717878014,437.7,1.0
2016-03-01,437.92,439.65,432.32,435.12,74895800.0,6684800000,1040283.42371,163491654909.0,260619.0,1405736.85,-0.005894448252227513,0.016845927560213237,431.4971428571428,429.60071428571433,405.43199999999996,0.008091605229842421,0.23397594847655556,437.7,433.5,68.95321717656746,10.72923345433668,423.99,0.0
2016-03-03,423.91,425.37,419.41,421.65,100484000.0,6474150000,1080919.49495,163491654909.0,221257.0,1431631.68,-0.005518998089577676,0.014134946045298186,430.94714285714286,430.09714285714284,408.7029999999999,0.013753518612565824,0.34058565571747423,423.99,435.12,49.49636261891436,8.45257172201002,410.94,0.0
2016-03-05,410.78,411.26,394.04,400.57,135385000.0,6276610000,1292227.06539,163491654909.0,238117.0,1619238.0,-0.025234827468730292,0.04298874104401221,423.3528571428571,426.78000000000003,410.4353333333333,0.014619640238841493,0.4901035813775849,410.94,421.65,25.479158289773437,4.225110081735409,407.71,1.0
2016-03-07,407.76,415.92,406.31,414.32,85762400.0,6233430000,1220696.14747,158427203767.0,183530.0,1614392.86,0.016212503985676197,0.023194632168372305,416.3285714285715,422.88571428571424,412.40066666666667,0.019025193429637016,-0.05975167877209808,407.71,400.57,36.3254348079841,2.347453114066411,413.97,0.0
2016-03-09,413.89,416.03,411.61,414.86,70012300.0,6330230000,1299450.73763,158427203767.0,187623.0,1725518.7,0.002149914244993667,0.010654196596442074,412.0028571428571,421.68142857142857,415.026,0.017494991492102856,-0.004258181781979342,413.97,414.32,42.319987821586246,1.534407975427996,417.13,1.0
2016-03-11,417.24,423.93,417.01,421.69,73969700.0,6384740000,1283699.8196,158427203767.0,193874.0,1733741.52,0.010931843789705908,0.016410159121629672,412.89285714285717,420.40500000000003,417.73066666666665,0.014558698155837175,-0.08705193223150487,417.13,414.86,41.891472868217065,1.7134381519455246,411.62,0.0
2016-03-13,411.65,416.6,411.64,414.06,74322800.0,6302330000,1031685.13109,158427203767.0,141116.0,1362701.76,0.00592779748311556,0.011978940250205372,415.37857142857143,417.5235714285714,419.7896666666667,0.012823120639031297,-0.19835535292284034,411.62,421.69,37.15305313243456,0.8100272530455754,416.44,1.0
2016-03-15,416.39,418.13,414.99,416.83,66781700.0,6377870000,1197069.77042,158427203767.0,197677.0,1593584.76,0.0009365094611468727,0.007533047045558109,416.09000000000003,414.6985714285714,420.92900000000003,0.011444054365495128,-0.298948975114267,416.44,414.06,37.23656664340542,0.7427136332169653,417.01,1.0
2016-03-17,417.89,421.0,417.89,420.62,83528600.0,6404130000,1063186.96715,158427203767.0,206973.0,1432167.44,0.00865686674180477,0.007393847177975402,416.8957142857143,414.1264285714286,421.9273333333333,0.01171183787249554,0.2813925732291389,417.01,416.83,49.168952719057636,1.0090973561043484,409.55,0.0
2016-03-19,409.26,410.98,407.23,410.44,58423000.0,6274790000,1110630.46004,165496835118.0,188863.0,1384278.67,0.0021731168355512143,0.009136536399961018,414.99285714285713,414.73214285714283,421.304,0.011837117948359205,-0.44327234610253474,409.55,420.62,59.33774834437089,-0.1365373786649684,413.75,1.0
2016-03-21,413.42,413.42,410.38,413.31,61655400.0,6341380000,1036588.42937,165496835118.0,189228.0,1308642.12,-0.0010634441087613578,0.007355253925624883,414.50142857142856,415.0914285714286,420.2743333333334,0.011777855805460561,0.3418545787729146,413.75,410.44,48.82147024504084,-0.34580022736452065,418.09,1.0
2016-03-23,418.16,419.27,417.36,418.04,61444200.0,6417130000,1242260.73678,165496835118.0,187877.0,1593071.4,-0.00011959147551954263,0.004568940771217989,414.8285714285715,415.61285714285714,418.92699999999996,0.012721378267149724,-0.0803597487326625,418.09,413.31,53.42377260981914,0.1839829059062481,416.39,0.0
2016-03-25,416.51,418.08,415.56,417.18,52560000.0,6394850000,1192899.383,165496835118.0,173609.0,1523337.52,0.0018972597804942648,0.006040558032503912,415.31428571428575,415.23785714285714,418.523,0.005394005807573346,-0.23097969616674985,416.39,418.04,44.637336504161716,0.3283739967847623,417.94,1.0
2016-03-27,418.14,428.8,417.71,426.76,71229400.0,6423040000,1258714.52138,165496835118.0,161486.0,1646594.4,0.021103507680528377,0.02598650295247922,418.2442857142857,416.5964285714286,418.12333333333333,0.008786126645536458,0.5952690233458156,417.94,417.18,66.23210633946832,1.2641006001056212,424.23,0.0
2016-03-29,424.3,426.2,412.68,416.52,75411500.0,6521010000,1398571.69042,165496835118.0,191841.0,1780614.0,-0.01817410367017902,0.03245942571785264,419.58,417.1307142857143,417.281,0.011773652826899477,0.1005315019234474,424.23,426.76,49.66731058166988,1.3658170973776578,414.82,0.0
2016-03-31,415.26,418.37,415.26,416.73,60215200.0,6385140000,1028361.53707,165496835118.0,208976.0,1321282.86,0.004604406730630117,0.00746286564442208,419.16857142857145,416.69642857142856,415.9053333333333,0.011939837033924735,-0.08811962304324583,414.82,416.52,45.80909286791641,0.8030897750027748,417.96,1.0
2016-04-02,418.42,422.08,418.42,420.87,45681200.0,6436700000,1244135.05701,166851513283.0,196651.0,1591174.42,0.006962388745334502,0.008696272007983388,419.6985714285715,418.0421428571429,415.67833333333334,0.012233450398025314,-0.10841073704467785,417.96,416.73,63.513863695257854,0.9505145693517534,420.9,1.0
2016-04-04,421.3,422.34,419.6,421.44,50634300.0,6483910000,1360254.329,166851513283.0,200979.0,1735875.57,0.0012829650748396038,0.006501518602885233,418.4628571428571,419.13357142857143,416.706,0.00837828577591602,0.3306012293154148,420.9,420.87,61.47980796385202,1.2316862428157833,424.03,1.0
2016-04-06,424.28,424.53,422.73,423.41,59091000.0,6533260000,1285606.22558,166851513283.0,218585.0,1650251.71,-0.001462160696176995,0.004251198601827908,420.7628571428571,419.9414285714286,417.553,0.0031511926599391777,-0.026796007773642105,424.03,421.44,57.94613791062446,1.7047920624241328,422.75,0.0
2016-04-08,422.91,425.36,419.63,420.35,63454700.0,6515190000,1169486.95359,166851513283.0,215441.0,1506409.6,-0.005677114133648686,0.01363149756155589,421.9642857142857,420.6221428571429,418.0286666666667,0.004471112013488823,0.09672028013121636,422.75,423.41,54.60621912234819,1.60262199588459,419.41,0.0
2016-04-10,419.59,422.44,419.26,421.56,73478600.0,6467330000,1443196.66613,166851513283.0,181662.0,1848004.29,0.005126248778045239,0.007543410190720199,421.85,420.35571428571427,418.10033333333337,0.004225234916919403,0.4756902116173656,419.41,420.35,40.68767908309454,1.3636000700437876,422.48,1.0
2016-04-12,422.84,427.28,422.84,425.19,70728800.0,6520870000,1260723.52444,166851513283.0,240200.0,1639676.5,0.006414504828630818,0.010442390460735196,422.1642857142857,420.84999999999997,418.8333333333333,0.004337318468944025,0.3937395930834031,422.48,421.56,70.34256217738165,1.6422380300330701,423.73,0.0
2016-04-14,423.94,425.37,423.01,424.28,45281000.0,6541030000,1465554.23047,178678307672.0,230281.0,1767502.96,0.0012979963656101212,0.005562364476289276,422.42857142857144,422.0257142857143,419.32466666666664,0.00449007331278739,-0.3443275741235209,423.73,425.19,69.15271435819388,1.7535925115572581,429.71,1.0
2016-04-16,429.57,432.63,428.98,430.57,39392800.0,6631310000,1270146.99974,178678307672.0,192621.0,1550671.73,0.002001349747504211,0.008477134960633527,425.36,423.55785714285713,420.07966666666664,0.0050661291048748475,-0.2811729605941443,429.71,424.28,72.18664226898458,2.62146865580587,427.4,0.0
2016-04-18,427.61,429.27,427.09,428.59,55670900.0,6604150000,1199089.82493,178678307672.0,203165.0,1460870.32,0.0027842770238653003,0.005086446253995677,427.0671428571428,424.53285714285715,421.2796666666667,0.006510749212780035,0.06800841808007152,427.4,430.57,63.9376218323587,2.748540366904024,435.51,1.0
2016-04-20,435.32,443.05,434.41,441.39,72890100.0,6726370000,1465554.23046,178678307671.0,216780.0,1843768.25482,0.013501412137493896,0.019574525929450116,431.0642857142857,426.63714285714286,422.941,0.008488407886088128,0.3802198426449286,435.51,428.59,75.51078320090804,4.236835467107994,449.43,1.0
2016-04-22,449.69,449.81,444.15,445.74,58804400.0,6951860000,1270146.99973,178678307671.0,210976.0,1618011.29057,-0.0082103998397971,0.012697985372638814,436.94714285714286,430.3564285714286,424.909,0.01089170634117096,-0.13782481265953817,449.43,441.39,78.91140970166249,6.188421528106858,450.28,1.0
2016-04-24,450.56,460.15,448.93,458.56,68198400.0,6968570000,1172443.38437,178678307671.0,183155.0,1531303.6199,0.018388558230434393,0.024467899511514242,444.2142857142857,435.2042857142857,427.418,0.00975930150253289,0.35085391023939594,450.28,445.74,84.48918717375093,8.207297800172284,461.43,1.0
2016-04-26,461.65,467.96,461.62,466.09,78971900.0,7143060000,1341204.17454,178678307671.0,250744.0,1924687.35344,0.010099039941052768,0.013602523117852722,453.2742857142857,440.90785714285715,430.17866666666663,0.009086880473174401,-0.09323380616774479,461.43,458.56,85.54049356969065,10.408944600575524,444.69,0.0
2016-04-28,445.04,449.55,436.65,449.01,74064700.0,6889170000,1207843.18309,178666121339.0,247958.0,1552496.67705,0.00971463266545225,0.028729872385915758,453.6857142857143,444.1714285714285,431.9436666666667,0.021805473211812962,-0.20841362519491813,444.69,466.09,65.21846153846155,8.949335083075084,455.1,1.0
2016-04-30,455.18,455.59,447.7,448.32,69322600.0,7049460000,1296655.18185,178659257772.0,215712.0,1650450.46585,-0.01489782465392231,0.017599036402569563,454.7428571428572,447.2528571428571,434.33933333333334,0.022680955419694483,0.4073225940700589,455.1,449.01,60.10474780826596,8.280797891853524,451.88,1.0
2016-05-02,451.93,452.44,441.78,444.67,92127000.0,7002610000,1394348.38048,178659257772.0,223785.0,1762341.41699,-0.015955563423917796,0.023972833786853227,451.3942857142857,450.15,436.2633333333333,0.02178862052163142,1.2657839011709267,451.88,448.32,58.53140916808151,7.039243130428986,450.3,1.0
2016-05-04,450.18,450.38,445.63,446.72,50407300.0,6978950000,1492041.57911,178659257772.0,233693.0,1900230.17376,-0.007950255385298699,0.010633058739255014,449.42857142857144,451.58714285714285,438.086,0.013151318589632496,-0.15091196366968518,450.3,444.67,52.93987865416439,6.05157549347939,447.98,1.0
2016-05-06,447.94,461.38,447.07,459.6,72796800.0,6947800000,1438754.37986,178659257772.0,233232.0,1887205.00671,0.025938657975802526,0.03113577023498695,449.92428571428576,452.47357142857146,440.09066666666666,0.01542690837830708,0.4432126373887806,447.98,446.72,57.54901960784315,6.081426631800014,458.54,0.0
2016-05-08,458.43,459.42,455.98,458.55,40315000.0,7114060000,1447635.57974,178659257772.0,185562.0,1881265.30804,2.180834823573008e-05,0.007501908188856172,452.33714285714296,453.0628571428571,442.55699999999996,0.013729790180211617,0.05084127253059467,458.54,459.6,49.99375390381012,6.430533624353188,460.48,1.0
2016-05-10,460.52,461.93,448.95,450.89,58956100.0,7150370000,1403229.58036,178659257772.0,245721.0,1799145.83579,-0.020826094510076554,0.028787509148572865,454.68,451.9092857142858,444.9036666666667,0.014143416570695937,0.06240415475077077,460.48,458.55,40.95668729176583,5.89270805848173,452.73,1.0
2016-05-12,452.45,454.95,449.25,454.77,59849300.0,7028330000,1342247.86954,194254820283.0,228409.0,1601340.81171,0.004505996951825519,0.012533808298700417,456.50857142857143,452.89500000000004,446.898,0.013733537741476494,0.18267095081137907,452.73,450.89,54.63022508038584,5.147276633030856,455.67,1.0
2016-05-14,455.82,456.84,454.79,455.67,37209000.0,7084100000,1390530.16701,194254820283.0,211280.0,1662212.65022,0.0,0.004498869796124288,455.5371428571429,453.46071428571435,449.009,0.009010380127203784,-0.3884624866463966,455.67,454.77,57.316344813856276,4.735867176112379,457.57,1.0
2016-05-16,457.59,458.2,452.94,454.16,59171500.0,7114740000,1361560.78853,194254820283.0,239809.0,1630979.37464,-0.007452411652861812,0.011581821384534063,454.4942857142857,454.545,450.72400000000005,0.009321326398869578,1.075173598933857,457.57,455.67,60.5986151440697,4.288002555511753,453.78,0.0
2016-05-18,453.69,456.0,453.3,454.62,86850100.0,7057390000,1487094.76194,194254820283.0,235084.0,1770178.4303,0.0018511172815021126,0.0059390259997360185,455.1771428571428,455.35785714285714,452.47099999999995,0.004056514975411367,0.3549094154005519,453.78,454.16,60.73953235454046,3.6395091935257824,438.71,0.0
2016-05-20,437.79,444.05,437.39,442.68,81987900.0,6813080000,1438812.46448,194254820283.0,209396.0,1666418.67319,0.009049258052016285,0.01504472756844679,451.0271428571428,453.4871428571428,452.62066666666664,0.014548479591478416,-0.1462030628758042,438.71,454.62,30.67610781178624,1.214089429122339,443.19,1.0
2016-05-22,443.22,443.43,439.04,439.32,39657600.0,6900700000,1776788.54673,194254820283.0,184348.0,2033724.97348,-0.008732146483449554,0.009992716015660536,446.63714285714286,451.01714285714286,452.1986666666666,0.014234334276062119,-0.07260367192597217,443.19,442.68,29.58165215544706,-0.3124103891681216,444.15,1.0
2016-05-24,444.29,447.1,443.93,445.98,65783100.0,6921460000,1456454.92276,194770865921.0,246517.0,1663136.18974,0.004120229652144536,0.007107942060182107,444.09285714285716,449.5,451.575,0.015739009877887483,0.300511046310483,444.15,439.32,44.186597205777936,-0.6498790468533571,449.6,1.0
2016-05-26,449.67,453.64,447.9,453.38,65203800.0,7008500000,1357376.35658,199312067531.0,220093.0,1575322.67973,0.008407473309608449,0.01266046142308882,445.4714285714286,449.1771428571428,450.757,0.006798223246643454,-0.0004169796569115647,449.6,445.98,48.48087431693991,0.09694840555727069,473.46,1.0
2016-05-28,473.03,533.47,472.7,530.04,181199000.0,7375780000,1317744.93011,199312067531.0,193054.0,1764424.68141,0.11950323152959075,0.11465172439815871,462.27571428571434,455.75999999999993,454.41700000000003,0.043995692686956016,0.09963527348420032,473.46,453.38,80.60241955394613,8.139759581180954,526.23,0.0
2016-05-30,528.47,544.35,522.96,533.86,87958700.0,8243960000,1436639.20952,199312067531.0,211369.0,1934163.22268,0.014499363396233589,0.04006668414940244,487.5071428571428,466.35714285714283,459.63933333333335,0.04359955515947665,-0.4086293255881186,526.23,530.04,81.22062049514257,16.35318800568473,531.39,0.0
2016-06-01,531.11,543.08,525.64,536.92,86061800.0,8288680000,1426731.35291,199312067531.0,234385.0,1972575.77046,0.010406669301266547,0.03248156149891987,512.1828571428571,477.7792857142857,465.36466666666666,0.04434744296116375,-0.37839075478512096,531.39,533.86,80.61300401725933,21.30110019859484,537.97,1.0
2016-06-03,537.68,574.64,536.92,569.19,122020000.0,8395070000,1406915.63967,199312067531.0,234669.0,2047467.65164,0.05803297581649547,0.06626961120188342,537.9428571428572,493.9057142857143,472.3693333333333,0.046090421386517026,1.0209280833148386,537.97,536.92,93.08630202302297,26.459733061943723,572.73,1.0
2016-06-05,573.31,582.81,569.18,574.98,68874100.0,8955060000,1694243.48158,199312067531.0,190528.0,2479401.3901,0.003928552721177425,0.023705172353820993,551.0057142857144,512.8485714285714,480.3736666666667,0.02080801321317493,-0.2744389535771812,572.73,569.19,95.76305491836462,31.185297487926675,585.54,1.0
2016-06-07,585.45,590.26,567.51,576.6,107770000.0,9149580000,1406915.63967,199312067531.0,248576.0,2169535.0617,-0.015267957782559627,0.039455428373222336,564.8471428571428,532.2778571428571,488.54200000000003,0.022748900397059766,0.4939235280826295,585.54,574.98,90.55010555072649,33.742658586093285,581.64,1.0
2016-06-09,582.2,582.2,570.95,574.63,71301000.0,9103080000,1608133.93092,196061423939.0,236353.0,2410788.56682,-0.012052128464342227,0.01957781528983868,576.4728571428572,550.37,496.70533333333333,0.024338143185532665,-0.11168891358461508,581.64,576.6,86.58499788787645,33.53974985472814,577.47,1.0
2016-06-11,578.67,607.12,578.67,606.73,82357000.0,9052360000,1520417.53468,196061423939.0,213159.0,2364669.10434,0.05066929883803484,0.04689070921167578,582.5128571428571,563.2771428571428,505.92866666666663,0.02197157145901769,0.22935757905060172,577.47,574.63,81.6508460586051,34.35367438387732,672.78,1.0
2016-06-13,671.65,716.0,664.49,704.38,243295000.0,10511900000,1569148.86592,196061423939.0,251354.0,2830943.5,0.04696929159606422,0.07312814106022317,613.4614285714285,585.9250000000001,521.4559999999999,0.04432811535615547,-0.12194813865781262,672.78,606.73,91.11689814814817,47.14783271045417,685.56,0.0
2016-06-15,685.68,696.3,672.56,694.47,99223800.0,10736600000,1500925.00219,196061423939.0,262510.0,2681772.1,0.012996674251706697,0.034184342016213815,645.1457142857143,608.1907142857143,537.066,0.046101767055106824,-0.4685217521720034,685.56,704.38,84.68888986745344,53.11624694862405,766.31,1.0
2016-06-17,768.49,775.36,716.56,748.91,363321000.0,12038900000,1452193.67095,196061423939.0,253752.0,2779037.6,-0.022706215500254423,0.07851410716908583,697.0199999999999,637.3378571428572,557.2933333333333,0.05482760116633643,0.3375387469904356,766.31,694.47,81.6341617968035,63.95195657755653,756.23,1.0
2016-06-19,756.69,766.62,745.63,763.78,136185000.0,11859800000,1725089.12589,196061423939.0,218298.0,3392968.32,0.0099837351070442,0.027481735578307902,731.3771428571429,663.9307142857143,578.5806666666666,0.044619380803871414,-0.46111871730545506,756.23,748.91,82.2030429146483,68.56156927106406,737.23,0.0
2016-06-21,735.88,735.88,639.07,666.65,309944000.0,11540000000,1551383.97529,206307449112.0,248164.0,2506373.5,-0.09573674429960799,0.14521863046576156,733.3685714285714,681.1978571428571,595.9596666666667,0.060433568096213086,0.7760714224318237,737.23,763.78,62.14364700488173,59.70143474411509,596.12,0.0
2016-06-23,597.44,629.33,558.14,623.98,253462000.0,9373190000,1457676.21839,209453158595.0,241300.0,2193393.95,0.046735556599342365,0.11409019519856414,698.9857142857143,685.7571428571428,606.9586666666667,0.05652108193379955,-0.04854106526823154,596.12,666.65,55.39804423442934,39.68466835550498,665.3,1.0
2016-06-25,665.28,691.73,646.56,665.12,126656000.0,10442000000,1728387.5161,209453158595.0,210998.0,2760622.55,-0.0002705546370057599,0.06791255713254762,674.0257142857142,696.2014285714286,621.2066666666667,0.06632198541662256,-0.43537048016868984,665.3,623.98,56.25817238644402,33.35767634594902,629.37,0.0
2016-06-27,629.35,655.27,620.52,655.27,122134000.0,9882840000,1530560.02931,209453158595.0,217029.0,2386530.51,0.04115226337448563,0.053031574770705206,643.1157142857143,689.592857142857,630.578,0.07075825264000017,0.11818722819867244,629.37,665.12,44.29629973752061,25.123464845704234,647.0,0.0
2016-06-29,644.12,644.68,628.28,639.89,142456000.0,10119600000,1520148.05633,209453158595.0,224112.0,2340735.1,-0.010989180834621304,0.02562940505399362,646.5614285714286,682.9399999999999,638.138,0.04202463410280135,0.029417928243667957,647.0,655.27,43.47378993686626,18.93353147490575,673.34,1.0
2016-07-01,672.51,686.15,669.59,676.3,134431000.0,10570600000,1634679.7592,209453158595.0,210409.0,2649743.25,0.004395996079246567,0.024486174774508276,655.1842857142857,671.1128571428571,647.5156666666666,0.035487951058705364,-0.03273132824866887,673.34,639.89,40.062409328552256,18.887096622190484,703.7,1.0
2016-07-03,704.97,704.97,649.01,658.66,129512000.0,11086100000,1603443.84023,209453158595.0,177127.0,2541313.41,-0.06400454739235484,0.08496037409285526,664.88,659.8521428571429,656.0223333333332,0.041020280442028906,0.15271374405895655,703.7,676.3,37.57152991250887,18.558700407268816,683.66,1.0
2016-07-05,683.21,683.49,665.07,670.63,130476000.0,10749100000,1538177.12695,213398925331.0,214959.0,2420500.04,-0.01905918146447061,0.027466710406632507,672.3114285714286,656.3100000000001,662.9083333333333,0.04117737351057891,0.4180879137122262,683.66,658.66,50.54700384826828,17.284791622546777,677.33,1.0
2016-07-07,678.09,682.43,611.83,640.56,258091000.0,10673400000,1463920.30013,213398925331.0,216812.0,2195264.88,-0.05428668448171514,0.11021606094667152,672.9771428571429,663.2950000000001,668.1,0.041483497004029354,0.9123376382806885,677.33,670.63,52.68389018389016,13.001998531383833,666.52,1.0
2016-07-09,666.38,666.38,633.4,650.96,180536000.0,10493800000,1580609.59941,213398925331.0,185405.0,2036093.75,-0.023345135929904504,0.05066363524640533,664.0457142857142,662.3707142857144,673.4736666666666,0.041612552441416074,0.27164893991688377,666.52,640.56,47.70799611524766,9.976653573243425,649.36,0.0
2016-07-11,648.48,659.63,644.98,647.66,107910000.0,10215200000,1516960.89071,213398925331.0,218089.0,1162507.115,-0.0026179623013429243,0.02261989315381524,657.5742857142858,663.255,677.2343333333333,0.029538754478307963,0.05245191745016187,649.36,650.96,48.481341049690684,6.381062895432137,664.55,1.0
2016-07-13,664.8,668.7,654.47,654.47,131449000.0,10474500000,1379055.35519,213398925331.0,218093.0,1070321.95,-0.015168158904521722,0.02174278423762742,653.4399999999999,665.55,675.2963333333333,0.03140553599659019,-0.04866363182387301,664.55,647.66,52.78095674067293,5.392671478288776,658.08,1.0
2016-07-15,659.17,667.08,659.04,663.25,81673100.0,10387900000,1432095.94578,213398925331.0,216081.0,1127082.345,0.007856187697544259,0.012122125895213083,655.4757142857143,663.5278571428571,673.3396666666666,0.016112881403335912,-0.17092742565835017,658.08,654.47,47.21760266086735,4.860201799137826,660.77,0.0
2016-07-17,661.99,682.37,661.99,679.46,74407900.0,10434700000,1580609.59941,213398925331.0,171013.0,1266649.0,0.028285182438670065,0.02999440732346274,661.1771428571428,661.9471428571429,667.5066666666665,0.01590667639112259,0.47839468152322073,660.77,663.25,55.675616677581324,5.79990596657899,673.11,0.0
2016-07-19,672.74,673.28,667.63,672.86,61203300.0,10606500000,1358434.53362,213492501107.0,222146.0,1084448.36,-0.00037141031926435364,0.008396991944832472,666.0,661.3528571428571,661.7053333333333,0.01413898261487409,-0.11893327575037793,673.11,679.46,50.73447071997892,6.392242044026034,665.68,0.0
2016-07-21,665.23,666.22,660.41,665.01,60491800.0,10490300000,1411498.38259,213492501107.0,217606.0,1108239.165,-0.001006489604614802,0.008736710726154583,668.5914285714285,662.2671428571429,659.2656666666667,0.013296629115270395,-0.3607977480123927,665.68,672.86,60.52155951458819,5.412775185584678,650.62,0.0
2016-07-23,650.73,656.37,648.52,655.56,69532200.0,10263700000,1390272.84301,213492501107.0,195796.0,1073869.3,0.007592757677292283,0.011974495088168929,666.0428571428572,661.46,662.135,0.015921598075761365,-0.4817565905686112,650.62,665.01,52.446808510638256,2.910216968556938,661.28,1.0
2016-07-25,661.26,661.83,653.39,654.1,78176500.0,10431900000,1400885.6128,213492501107.0,240533.0,1083868.56,-0.010857730462134008,0.012903225806451696,660.7300000000001,662.7714285714285,661.6336666666666,0.010962835421778082,-0.3385187504230691,661.28,655.56,53.10810810810814,1.8007187642423332,651.78,0.0
2016-07-27,651.63,657.46,648.45,654.35,147461000.0,10281900000,1358434.53362,213492501107.0,235603.0,1056015.1,0.003943048267820437,0.013769389470466862,656.1,661.8507142857143,662.35,0.010868792535898586,-0.3450107713149888,651.78,654.1,49.926398429833164,0.47501402343345944,655.03,1.0
2016-07-29,655.11,657.8,654.79,656.99,60703500.0,10338900000,1560077.15971,213492501107.0,231414.0,1216861.965,0.0029922293635407105,0.004581500479459338,655.5842857142858,661.1857142857143,663.1876666666667,0.0067806825640355246,-0.29764406144276645,655.03,654.35,45.847704961528265,0.055107277314164094,655.05,0.0
2016-07-31,655.1,655.28,624.37,624.68,110818000.0,10340900000,1634366.54827,213492501107.0,192254.0,1205755.02,-0.04636287306312492,0.04948133444323489,650.2828571428571,656.8642857142856,660.8573333333334,0.017655707960034805,1.881675468911304,655.05,656.99,18.34257975034673,-2.779301073297006,606.27,0.0
2016-08-02,606.4,612.85,531.33,547.47,330933000.0,9574320000,1555605.72192,210798472403.0,252252.0,1174458.555,-0.09698649116730163,0.14890313624490836,628.5485714285714,643.1335714285714,653.9033333333333,0.03749753542922088,1.7150803613182704,606.27,624.68,10.09991726595814,-13.597734532092545,566.36,1.0
2016-08-04,566.33,579.5,565.78,578.29,125292000.0,8943870000,1535533.39003,201893210853.0,231835.0,1102137.73,0.021064340702026785,0.023725120614224746,605.0157142857142,629.845,646.9153333333333,0.044932679340260885,-0.39758248309949895,566.36,547.47,25.92448639644641,-19.74044327258332,575.04,0.0
2016-08-06,575.03,588.4,569.47,587.78,80797300.0,9083510000,1676039.7133,201893210853.0,196551.0,1232269.97,0.02215498052309406,0.032205927387798074,583.6985714285714,619.6049999999999,641.7463333333333,0.04678315737717828,0.2218337494461491,575.04,578.29,30.827110205928946,-21.408695443287115,592.69,1.0
2016-08-08,592.74,592.99,588.05,591.05,61194100.0,9365440000,1495388.72624,201893210853.0,236291.0,1137218.25,-0.00276704516695081,0.00835800693680747,576.9542857142858,610.2021428571428,637.2883333333334,0.043945599962598475,-0.2573387347327133,592.69,587.78,31.50049879701895,-20.205756528477764,587.8,0.0
2016-08-10,587.65,599.98,586.37,592.1,102905000.0,9286960000,1525497.22408,201893210853.0,245581.0,1123923.75,0.007315413405920568,0.02298598209761867,586.3928571428571,601.1857142857143,633.3843333333333,0.011818099040529788,0.11576623610374703,587.8,591.05,32.015947304558864,-18.867538559284185,589.12,0.0
2016-08-12,588.8,589.91,583.81,587.56,69218000.0,9307250000,1495388.72624,201893210853.0,232973.0,1093307.25,-0.0026480173818578256,0.010381918442371883,589.7285714285714,591.5185714285715,628.6396666666666,0.010132459309523495,-0.07107887871337626,589.12,592.1,30.159455906726876,-17.558554651619374,585.59,0.0
2016-08-14,585.59,585.67,564.78,570.47,60851100.0,9258730000,1645931.21545,201893210853.0,200577.0,1167746.4,-0.025820113048378612,0.03661892825214295,586.2414285714286,582.6850000000001,623.1306666666667,0.009979177621754378,0.39685283382687153,585.59,587.56,33.03286384976529,-17.625734846276487,567.24,0.0
2016-08-16,567.24,581.74,566.72,577.44,58405200.0,8970770000,1469587.96479,217375482757.0,256447.0,984960.0,0.01798180664269111,0.02601136048766968,581.36,582.0378571428571,616.6123333333334,0.013396680908020065,0.019959030636212738,567.24,570.47,65.61425445451701,-17.54071048663934,573.22,0.0
2016-08-18,573.71,577.79,573.43,574.32,59896600.0,9074760000,1664092.25424,217375482757.0,239541.0,1105741.56,0.0019189839852065127,0.007591586571945977,576.5485714285714,582.2442857142858,609.9979999999999,0.012967411835612877,0.10017082085851259,573.22,577.44,47.18319852419477,-16.649090500219927,575.63,1.0
2016-08-20,576.08,582.82,575.46,581.7,45301400.0,9114500000,1685703.84196,217375482757.0,210352.0,1134217.5,0.01054496812188388,0.012652570053292097,574.2885714285715,581.8521428571429,604.2193333333332,0.014084978628980404,-0.105274176601174,575.63,574.32,45.085677335919904,-14.6890257178718,581.31,0.0
2016-08-22,581.31,588.45,580.59,586.75,72844000.0,9199410000,1718121.22354,217375482757.0,229801.0,1168789.125,0.009358173779910883,0.013395824456753325,578.6242857142857,580.7321428571429,599.6153333333334,0.008353474114547399,0.9019619106304537,581.31,581.7,46.48348053647372,-12.13248319347099,583.41,0.0
2016-08-24,583.41,583.59,579.86,580.18,56328200.0,9234800000,1653286.46038,217375482757.0,237956.0,1110792.9,-0.005536415214000501,0.006429039263676822,580.4714285714286,579.5671428571429,594.5556666666668,0.006453491026515236,-0.34002662005033435,583.41,586.75,40.09308510638297,-10.461409058442769,577.76,0.0
2016-08-26,577.75,580.62,576.86,579.65,48856800.0,9147170000,1426364.78935,217375482757.0,226767.0,953716.5,0.003271254500138543,0.006486672992322938,581.5371428571428,578.1907142857143,589.5983333333334,0.006869813112783072,-0.6411018879012709,577.76,580.18,43.400634073085314,-9.404960364996668,569.95,0.0
2016-08-28,569.83,574.04,569.74,573.91,86301600.0,9023610000,1642480.66653,217375482757.0,174489.0,1091820.34,0.006947977892797441,0.007492463975187668,578.8014285714286,577.3192857142857,583.9929999999999,0.00898623298179466,0.44562910501639075,569.95,579.65,53.044247787610566,-9.312589567812097,574.11,1.0
2016-08-30,574.11,578.36,574.11,577.5,70342400.0,9093530000,1810682.89469,220755908330.0,254486.0,1194622.055,0.005904791764644424,0.00735930735930736,576.1514285714286,577.8142857142858,579.7223333333333,0.008244698108784289,-0.3628290367579122,574.11,573.91,50.06429489927126,-8.332353135806102,575.47,0.0
2016-09-01,575.55,576.31,571.81,572.3,76923400.0,9118280000,1547310.83728,220755908330.0,238207.0,1008150.0,-0.005508540844874732,0.0078630089114101,574.6985714285714,577.8307142857143,579.5233333333333,0.008209562382196233,0.014273301081606293,575.47,577.5,47.82982380747734,-7.721000573534525,575.54,1.0
2016-09-03,575.55,599.5,574.06,598.21,159014000.0,9120440000,1382703.3014,220755908330.0,182204.0,959616.0,0.03938909545817859,0.042526871834305764,578.1485714285715,579.0035714285715,580.4933333333333,0.015073789827373622,0.9898937315106344,575.54,572.3,62.68633779007219,-4.964558885684141,608.63,1.0
2016-09-05,608.99,609.05,602.24,606.59,82446800.0,9652490000,1536337.00156,220755908330.0,227683.0,1072259.87,-0.0033517900859306726,0.011226693483242298,587.7485714285714,582.3721428571429,582.24,0.01595716965166413,-0.15821565422302175,608.63,598.21,63.83542538354257,-0.34427511687522383,610.44,1.0
2016-09-07,610.57,614.54,608.51,614.54,75032400.0,9679610000,1668023.03026,220755908330.0,250809.0,1177623.3,0.006716466810824828,0.009812217268200562,598.0357142857143,586.7571428571429,583.6146666666666,0.01515975036639978,-0.04452744269321818,610.44,606.59,73.5084838533115,3.2495754314127225,626.32,1.0
2016-09-09,626.35,626.83,620.26,622.86,64550200.0,9931980000,1569258.50873,220755908330.0,222094.0,1120494.375,-0.0055243326095287815,0.0105481167517581,612.5128571428571,593.3121428571429,585.9240000000001,0.015445959376918318,-0.25558797412152734,626.32,614.54,75.717176526604,6.969420782997986,623.51,1.0
2016-09-11,623.42,628.82,600.51,606.72,73610800.0,9887780000,1799709.05897,220755908330.0,180391.0,1251012.5,-0.026928196821221717,0.04666073312236296,615.8542857142858,599.4814285714285,587.7090000000001,0.01425888178023436,0.6351850864566118,623.51,622.86,68.68663856931315,7.506658598964805,608.24,1.0
2016-09-13,608.02,611.19,606.92,609.24,86920600.0,9645930000,1863551.35256,225832872179.0,241215.0,1275111.84,0.00164408786005521,0.007008732190926557,615.9185714285715,604.1864285714286,589.7563333333333,0.01401189289254104,0.1937625923092665,608.24,606.72,68.30027675276753,6.777546741970468,610.68,1.0
2016-09-15,610.59,611.09,607.15,607.15,59464600.0,9688940000,1728836.79696,225832872179.0,233488.0,1179081.75,-0.005780441475076947,0.0064893354195833895,612.6285714285715,609.1907142857143,592.1946666666666,0.01056945130668673,0.24201037226098987,610.68,609.24,70.14683778471503,6.039838464268769,606.97,0.0
2016-09-17,607.22,607.86,605.19,605.98,37140300.0,9637600000,1829872.71366,225832872179.0,215529.0,1239350.125,-0.0016310526055653973,0.004406086009439188,607.8542857142857,611.9907142857144,594.375,0.010510850059416673,-0.42828885187659516,606.97,607.15,56.291497975708516,5.017235870825402,609.87,1.0
2016-09-19,609.87,610.93,608.27,609.23,54796400.0,9681960000,1493086.32464,225832872179.0,223540.0,1013869.98,-0.0010494039713381254,0.004366167128998848,608.4457142857143,612.2678571428571,596.434,0.0037939085567385068,0.12565890294457205,609.87,605.98,52.45261984392419,4.623204632472607,608.31,0.0
2016-09-21,603.59,603.59,595.88,597.15,82776200.0,9584260000,1863551.35256,225832872179.0,239216.0,1241468.76,-0.01834590915815948,0.012911328811856379,606.38,610.8735714285714,597.6806666666666,0.007604341558329837,0.13842903883736835,608.31,609.23,34.995685936151844,3.1336968368724456,596.3,0.0
2016-09-23,596.2,603.21,595.79,602.84,51067000.0,9469130000,1526764.96355,225832872179.0,223187.0,1027531.44,0.010967633741405525,0.012308406874129242,604.24,607.2992857142857,598.8656666666666,0.00912839652385939,-0.23877511168616672,596.3,597.15,30.019960079840303,1.7964680672039322,602.63,0.0
2016-09-25,602.75,603.38,599.71,600.83,33977800.0,9575360000,2230413.26476,234688749068.0,197298.0,1395674.25,-0.0029869073892768716,0.006108216966529565,602.47,605.3871428571429,600.4006666666666,0.008567934143948804,-0.03907577878646473,602.63,602.84,41.50562445918663,1.138310631000877,608.04,1.0
2016-09-27,608.02,608.25,604.11,606.17,49422400.0,9661590000,2026558.28895,241227200229.0,243008.0,1276511.73,-0.0030754555621340662,0.0068297672270155015,601.9942857142858,605.1535714285714,602.7456666666668,0.010164614582458749,-0.16451014136031838,608.04,600.83,46.276982779529405,1.4457383078638486,604.73,0.0
2016-09-29,605.02,606.82,604.85,605.69,55658600.0,9616160000,1714780.09065,241227200229.0,242730.0,1083864.36,0.00158748532402897,0.0032524888969605362,604.4185714285715,604.6242857142857,604.706,0.0065247327470085836,0.14235693497473445,604.73,606.17,48.11174340403528,1.332013033149451,609.74,1.0
2016-10-01,609.93,615.24,609.93,613.98,56357000.0,9696280000,1882660.65897,241227200229.0,213930.0,1205132.0,0.006953783579886519,0.008648490178833283,607.0257142857143,605.3935714285715,607.2376666666667,0.0059606066444256485,0.004180149102675612,609.74,605.69,58.737439930100486,2.1789837317494403,610.89,0.0
2016-10-03,610.97,612.57,610.46,612.13,46798300.0,9714980000,1822703.31314,241227200229.0,260813.0,1164434.0,0.0020298253368036256,0.0034469802166206746,609.0471428571428,605.6735714285714,608.88,0.004718420401563571,0.19231945130930606,610.89,613.98,53.18121983326018,2.5376979653412945,610.2,0.0
2016-10-05,610.22,613.81,609.62,612.51,68077500.0,9705320000,2002575.35062,241227200229.0,266811.0,1281294.75,0.0037856440511305767,0.006840704641556776,610.7342857142858,606.9057142857143,609.1296666666666,0.004576921820624638,0.36697415344085327,610.2,612.13,70.34976152623219,2.644006969914244,613.02,1.0
2016-10-07,612.61,617.91,611.82,617.12,64071400.0,9745740000,1726771.55982,241227200229.0,268419.0,1116457.91,0.0066881994062184535,0.009868421052631447,612.8357142857143,609.12,609.3016666666666,0.004592930202064596,0.12777735728832407,613.02,612.51,70.42334096109846,3.1456643889044926,619.11,1.0
2016-10-09,619.17,619.2,616.61,616.75,39243400.0,9852480000,2056197.68457,258522748404.0,210548.0,1232591.36,-0.0038119235677019914,0.004199432509120441,614.4057142857143,611.4342857142857,608.8576666666667,0.003776939565876618,-0.07326565263697316,619.11,617.12,71.34048257372658,3.675436433625805,618.99,1.0
2016-10-11,619.24,642.08,618.5,641.07,103590000.0,9855650000,1786321.73847,258522748404.0,263565.0,1114413.27,0.035671012455774864,0.036782254667977035,619.7957142857142,614.7092857142858,609.8520000000001,0.012992549535149226,0.5350964936848985,618.99,616.75,83.21279025504388,5.782223815265752,636.19,0.0
2016-10-13,636.03,638.83,635.03,636.79,61620700.0,10125100000,1644958.14766,258522748404.0,229703.0,1020493.41,0.0009431144783789147,0.005967430393065325,626.5742857142858,619.1778571428571,611.702,0.014140777943894014,-0.3328941585056653,636.19,641.07,77.9575692197051,7.579154476954386,640.38,1.0
2016-10-15,640.31,642.1,637.39,638.65,39035400.0,10195200000,1824875.44505,258522748404.0,210448.0,1135929.6,-0.0027015209719229993,0.0073749314961246955,632.6885714285714,623.1285714285714,613.742,0.014456710433037978,-0.32864960804614707,640.38,636.79,73.42830009496674,8.782056581168263,641.63,1.0
2016-10-17,641.82,642.33,638.66,639.19,58063600.0,10221300000,1606404.44107,258522748404.0,237232.0,1001040.495,-0.0038028147062948436,0.005741641765359396,639.1285714285714,627.2571428571429,616.0043333333334,0.01445031251743567,0.4408520500966546,641.63,638.65,75.17677707480472,9.283089894030809,637.96,0.0
2016-10-19,638.13,638.87,628.01,630.52,69381700.0,10164800000,1619255.6766,258522748404.0,201025.0,998480.55,-0.0116621731770018,0.017223878703292544,637.8742857142857,630.5264285714285,617.6503333333333,0.005841520960232578,0.05850790352527291,637.96,639.19,65.4804882241705,8.294619504457842,630.86,1.0
2016-10-21,630.83,634.09,630.69,632.83,55951000.0,10050300000,2107602.62668,258522748404.0,265355.0,1302488.0,0.003122721364486658,0.0053726909280533116,635.9485714285714,632.9228571428572,619.5913333333334,0.005377690847562106,-0.017667621182886117,630.86,630.52,64.05942366207267,7.091989543843056,657.29,1.0
2016-10-23,657.62,661.13,653.89,657.07,54474600.0,10479700000,1815470.12499,253618246641.0,191578.0,1186462.78,-0.00033470766328391743,0.01101861293317304,640.8171428571429,638.53,623.4320000000001,0.016185924988493226,-0.3065551545702775,657.29,632.83,76.4566929133859,9.62971324272246,653.76,0.0
2016-10-25,654.0,664.42,653.7,657.59,90378800.0,10424300000,1752432.96787,253618246641.0,237030.0,1158039.295,0.0058584189916790486,0.016301951063732587,645.7028571428572,642.1935714285715,627.0283333333334,0.01613127894085456,0.4526103294534396,653.76,657.07,63.9952558454761,10.621134629075527,678.3,1.0
2016-10-27,678.21,688.59,678.04,688.31,96105300.0,10812500000,2042403.89061,253618246641.0,326388.0,1402328.4,0.014757481940144368,0.015327396086065972,660.7357142857144,648.8814285714286,632.1083333333333,0.016603047530004494,0.08132803613079176,678.3,657.59,80.57203892713031,14.7648524420365,689.65,1.0
2016-10-29,690.29,720.4,690.05,714.48,134761000.0,11007600000,1878507.2821,253618246641.0,229689.0,1338194.475,0.03600377002827537,0.04247844586272537,677.0228571428571,657.8171428571429,638.5653333333333,0.016046456812451884,0.6607328810593316,689.65,688.31,86.07173437351348,19.505935681738492,701.86,0.0
2016-10-31,702.64,709.29,691.68,700.97,97064400.0,11207200000,1853292.41926,253618246641.0,241778.0,1298202.255,-0.0012680591570968236,0.025122330484899515,690.1657142857142,666.532142857143,644.5356666666667,0.018862921451241896,-0.035768141856653224,701.86,714.48,77.28798586572435,21.32268188574028,729.79,1.0
2016-11-02,730.07,740.83,722.35,740.83,84865200.0,11647200000,1676788.37933,253618246641.0,268418.0,1230807.015,0.015127639457926279,0.024944994128207575,709.4128571428571,680.9707142857143,652.789,0.02078884518152127,-0.3498264726838125,729.79,700.97,88.19862871389988,26.4730121890982,688.7,0.0
2016-11-04,689.12,706.93,685.56,703.24,99907700.0,10996400000,1462462.04513,253618246641.0,248043.0,1036526.64,0.021112240453027287,0.030387918775951317,711.4100000000001,690.1314285714286,658.4300000000001,0.0383919689336414,-0.421857205684922,688.7,740.83,66.86467065868263,23.042451498385162,703.42,1.0
2016-11-06,703.81,714.26,699.56,711.52,59902200.0,11233000000,1949214.67726,254620187304.0,228420.0,1379564.0,0.011515168746978999,0.020659995502586077,711.21,697.3157142857143,664.59,0.0351355919383265,0.11441184842323016,703.42,703.24,64.15388614504806,21.58333679870657,703.13,0.0
2016-11-08,703.09,712.99,702.39,709.85,79660800.0,11224000000,2139073.24972,254620187304.0,296060.0,1507321.2,0.009557265370557344,0.014932732267380464,708.6700000000001,704.5749999999999,670.494,0.03136546642724434,0.22466335931963144,703.13,711.52,63.04412939297124,19.669426631887177,723.27,1.0
2016-11-10,722.84,723.02,711.21,715.53,68807800.0,11542100000,2126416.01156,254620187304.0,271374.0,1501227.0,-0.010701397818242198,0.016505247858230886,709.9942857142858,709.7314285714285,676.4519999999999,0.013323284166911446,-0.4804174312272992,723.27,709.85,57.13461941706858,19.397259732981297,716.41,1.0
2016-11-12,716.75,717.15,704.03,705.05,64622500.0,11447700000,2126416.01156,254620187304.0,228886.0,1478735.98,-0.015856841752627693,0.018608609318488057,712.1085714285713,710.9692857142857,681.4013333333334,0.013457978056444836,0.023808731663806926,716.41,715.53,47.33359724028726,17.17867593644712,702.03,0.0
2016-11-14,702.0,706.28,699.81,705.02,62993000.0,11214600000,2177044.96421,254620187304.0,270506.0,1523261.75,0.004259077247411147,0.009177044622847618,711.0228571428571,711.2707142857142,685.6686666666667,0.011911709023439736,-0.21570604882336608,702.03,705.05,51.19588968286776,14.222377287185736,711.62,1.0
2016-11-16,711.17,747.62,709.04,744.2,141294000.0,11370700000,2177044.96421,254620187304.0,291186.0,1590935.5,0.04578286163963918,0.05184090298306912,714.2657142857142,710.2135714285714,691.5020000000001,0.020252055459641895,0.9613678796754512,711.62,705.02,50.9991105840498,15.550261372801856,740.98,0.0
2016-11-18,740.71,752.88,736.89,751.59,87363100.0,11846000000,2073243.13718,272434584596.0,275925.0,1385428.0,0.014318875003374032,0.02127489721789807,722.9271428571428,717.4014285714286,698.9716666666667,0.019785526084698912,-0.1953959789646248,740.98,744.2,70.87470857438909,18.162706801018317,751.62,1.0
2016-11-20,751.88,755.48,717.94,731.03,154116000.0,12027500000,1807083.54524,281800917193.0,246537.0,1177092.75,-0.02739416194353539,0.05135220168802917,733.7228571428572,722.2378571428571,706.2703333333334,0.02207390963323826,0.3933531028497035,751.62,751.59,57.61217323449082,18.055231319148675,739.25,1.0
2016-11-22,739.64,753.87,736.53,751.35,129906000.0,11834200000,1877125.54312,281800917193.0,285635.0,1264052.4,0.016367940480216392,0.02307845877420647,744.2885714285715,727.782142857143,712.145,0.022420529163756253,1.1365275054932042,739.25,731.03,65.55938812237551,18.098053795739133,744.59,0.0
2016-11-24,744.62,746.83,733.49,740.29,85919300.0,11916500000,2297377.53039,281800917193.0,333466.0,1540282.37,-0.005774990263097912,0.018019965148793084,744.2457142857144,731.0735714285714,717.9293333333334,0.01562109500965019,0.12248542664461404,744.59,751.35,60.04380983287358,16.84863540825711,741.65,1.0
2016-11-26,741.51,742.21,729.63,735.38,54962700.0,11869600000,2157293.53463,281800917193.0,279374.0,1424452.54,-0.008454122564552025,0.017106801925535153,740.5057142857142,735.0428571428572,721.61,0.0145482109993524,-0.18943156814280404,741.65,740.29,62.781289506953215,14.822341356168636,732.03,0.0
2016-11-28,732.48,738.01,732.48,735.81,61888600.0,11727800000,2297377.53039,281800917193.0,298530.0,1511320.32,0.005163722798245951,0.007515527106182266,740.157142857143,739.3850000000001,723.7336666666666,0.009144123772390706,0.1765490914759571,732.03,735.38,62.85380312265171,12.414046165876584,735.6,0.0
2016-11-30,736.28,747.93,736.26,745.69,84070800.0,11791600000,1989192.73973,281800917193.0,292654.0,1321104.2,0.013716693855356121,0.015649934959567593,738.0642857142857,741.2042857142858,726.349,0.007565881653236743,0.22711210300228712,735.6,735.81,50.81967213114754,11.44420759130412,756.77,1.0
2016-12-02,757.54,781.3,757.54,777.94,127605000.0,12134800000,2052749.31684,286179638739.0,318263.0,1419702.8,0.02797415330945996,0.030542201198035825,745.6028571428571,744.2142857142857,728.4853333333334,0.01275113036810509,0.585905875948741,756.77,745.69,62.05287713841369,14.270869010466072,771.15,0.0
2016-12-04,771.64,773.87,768.16,773.87,60557900.0,12363600000,2109770.1312,286765766820.0,245650.0,1422187.52,0.0035271996369059533,0.007378500264902421,756.6899999999999,748.6692857142856,733.588,0.011938818654967107,-0.12925591647698764,771.15,777.94,71.81262729124234,16.007970265519702,758.7,0.0
2016-12-06,758.72,765.62,758.72,764.22,116218000.0,12159400000,2138280.53838,286765766820.0,319762.0,1435055.31,0.0072756030051404075,0.009028813692392213,764.0485714285714,750.977857142857,737.1873333333333,0.0158102477281596,0.09265440049641316,758.7,773.87,56.52835548341281,14.891504772934127,768.13,1.0
2016-12-08,768.08,774.7,765.95,770.81,80111900.0,12312500000,2238066.9635,286765766820.0,282711.0,1516416.0,0.003488992748623243,0.011351694970226126,769.2600000000001,754.8392857142857,741.3860000000001,0.014690576320888871,-0.16918863253828575,768.13,764.22,66.21679064824656,14.714302520490719,772.79,1.0
2016-12-10,773.02,777.09,772.91,774.65,53843100.0,12394500000,1881686.87377,286765766820.0,250241.0,1287818.0,0.0024068634428500157,0.005395985283676581,769.0242857142857,759.8685714285714,745.0073333333333,0.009102382835025747,-0.2163181006414352,772.79,770.81,71.74177831912303,14.605091081270984,769.73,0.0
2016-12-12,770.04,781.92,770.04,780.09,76571000.0,12349800000,2223811.75991,286765766820.0,268662.0,1520295.45,0.01345926493705596,0.015229012037072638,771.4885714285713,765.7242857142857,749.286,0.005964471492895027,0.3360051925029748,769.73,774.65,72.48628884826331,14.193451810739816,780.56,1.0
2016-12-14,780.0,782.03,776.84,781.48,75979000.0,12512900000,1981473.29889,286765766820.0,286328.0,1354213.25,0.0011786409757097438,0.0066412448175256445,775.7299999999999,771.4921428571428,754.4523333333333,0.005842162478810901,-0.06940484239199662,780.56,780.09,69.98324958123952,14.15299230738242,778.09,0.0
2016-12-16,778.96,785.03,778.96,784.91,83608200.0,12498800000,2050571.62856,310153855703.0,279361.0,1317539.325,0.008765052885912894,0.007733370704921503,778.5014285714285,773.512857142857,758.025,0.006944571558019901,0.0248602293941782,778.09,781.48,55.16219819286026,13.677015914821823,790.83,1.0
2016-12-18,791.01,794.74,788.03,790.53,60524400.0,12694800000,2173914.28291,310153855703.0,235789.0,1398471.24,-0.00037934827965568907,0.00848797642088224,783.7842857142858,776.1085714285715,760.9846666666667,0.0062281407452892505,-0.2337694233939066,790.83,784.91,62.97103706010588,14.069845046613182,792.71,1.0
2016-12-20,792.25,801.34,791.5,800.88,99629300.0,12717600000,2127660.78753,310153855703.0,296473.0,1380945.28,0.01030641722698089,0.012286484866646729,788.49,781.1564285714286,764.6826666666667,0.005362779833628605,0.3304057879668405,792.71,790.53,84.02004454342982,14.682037128000616,834.28,1.0
2016-12-22,834.18,875.78,834.15,864.54,200027000.0,13393800000,2451435.25519,310153855703.0,314644.0,1717668.81,0.036270796375317715,0.04815277488606658,808.3828571428572,792.5764285714286,771.6233333333333,0.016672962740442752,0.2857188769476011,834.28,800.88,92.23974763406939,22.108949059007273,921.98,1.0
2016-12-24,922.18,923.48,886.34,898.82,137727000.0,14810300000,2112242.95573,310153855703.0,240820.0,1540552.325,-0.025119850755981665,0.04132084288289088,843.3914285714287,812.1021428571429,782.8206666666666,0.030891399511822036,-0.5001995906577057,921.98,864.54,83.07495604922488,33.93558115679707,896.18,0.0
2016-12-26,896.9,913.18,896.9,907.61,123771000.0,14407800000,2189332.1147,310153855703.0,244914.0,1610869.18,0.01275413421410887,0.017937219730941673,874.8985714285715,830.2428571428571,793.7126666666667,0.03055272106800353,-0.13847492430306618,896.18,898.82,84.18766756032167,38.91124232237712,933.2,1.0
2016-12-28,934.83,975.92,934.83,975.92,236630000.0,15020500000,2589949.67053,312083434211.0,305394.0,2011489.2,0.04577796828118297,0.042103860972210756,914.0357142857143,855.0342857142858,808.422,0.030827967854194612,0.41433762880436076,933.2,907.61,88.36319153973636,48.1285218409987,973.5,0.0
2016-12-30,972.53,972.53,934.83,961.24,187474000.0,15630200000,2479403.03825,317688400354.0,286818.0,1880751.855,-0.01259373394966612,0.039220173941991524,935.21,881.5871428571429,823.537,0.02444758566889758,-0.059432069034718094,973.5,975.92,84.18705649695605,53.1861527252081,963.74,1.0
2017-01-01,963.66,1003.08,958.7,998.33,147775000.0,15491200000,2463610.66221,317688400354.0,180502.0,1961202.6,0.03589142299790393,0.04445423857842597,959.077142857143,908.7807142857143,837.7823333333333,0.021524391724622262,0.49064256756688596,963.74,961.24,85.98143787228148,56.48212094960627,1021.75,1.0
2017-01-03,1021.6,1044.08,1021.6,1043.84,185168000.0,16426600000,2589949.67053,317688400354.0,301664.0,2141405.0,0.021619770002446748,0.021535867565910395,991.1885714285714,942.495,855.1346666666667,0.021242712983316557,-0.16660440623804484,1021.75,998.33,87.50308718202025,63.4514238707651,1154.73,1.0
2017-01-05,1156.73,1191.1,910.42,1013.38,510199000.0,18604000000,2210932.64557,317688400354.0,288501.0,1773876.0,-0.12240956760454824,0.2769740867196905,1022.4300000000001,976.0157142857144,876.641,0.06869230074736186,0.47906918764096407,1154.73,1043.84,64.52097560975609,70.938939925422,902.2,0.0
2017-01-07,903.49,908.59,823.56,908.59,279550000.0,14534400000,2195140.26953,317688400354.0,284719.0,1583004.57,0.00708268676568391,0.09358456509536764,1006.117142857143,975.3007142857142,885.7026666666666,0.08211560389762314,-0.20554399845400084,902.2,1013.38,50.8890385280361,48.6194072392077,911.2,1.0
2017-01-09,913.24,913.69,879.81,902.83,141877000.0,14694900000,2147763.14141,317688400354.0,269947.0,1548900.0,-0.00918568920105356,0.03752644462412648,976.6814285714287,976.032142857143,894.589,0.07893682671062839,-0.10608953155026302,911.2,908.59,49.562575496906916,33.049530855630564,907.68,1.0
2017-01-11,908.12,919.45,762.76,777.76,310929000.0,14615700000,2562350.13411,336899932795.0,303058.0,1522759.635,-0.1431341441917856,0.20146317630117266,903.3771428571428,960.0550000000001,899.1096666666667,0.06857630728251754,1.6848663304780325,907.68,902.83,33.83264799947784,11.951566394795577,804.83,1.0
2017-01-13,803.74,829.0,780.0,823.98,168968000.0,12939100000,2528855.36111,336899932795.0,275149.0,1577154.54,0.023793844662848063,0.05946746280249521,862.41,938.2028571428572,901.3353333333333,0.059942524994489446,-0.23999892050412452,804.83,777.76,39.34945218659797,-4.2489714400713865,818.41,0.0
2017-01-15,818.14,823.31,812.87,821.8,71013600.0,13174300000,2796813.54507,336899932795.0,235999.0,1716577.71,0.004142178125878138,0.012703820880992872,836.7557142857142,915.2128571428572,903.909,0.05952433790927407,-0.2369322815760886,818.41,823.98,35.677079107505065,-13.341349004644599,831.53,1.0
2017-01-17,830.95,910.56,830.8,907.94,155095000.0,13383900000,2646087.0666,336899932795.0,292697.0,1808883.99,0.09189085180330236,0.08784721457365023,826.6071428571429,891.9185714285715,909.1793333333333,0.07173170845980394,0.874142047871312,831.53,821.8,39.65564486664232,-10.699267195971515,886.62,0.0
2017-01-19,888.34,904.61,884.34,899.07,105625000.0,14311700000,2914045.25056,336899932795.0,300605.0,1969902.99,0.014042092440955667,0.022545519258789618,855.6214285714285,864.602857142857,915.5826666666667,0.036644723903883784,-0.5319638244039047,886.62,907.94,36.963116717228175,-5.88904115378682,895.03,0.0
2017-01-21,895.55,927.37,895.53,921.79,111158000.0,14432000000,3031276.95604,336899932795.0,263562.0,2095396.75,0.02989843915846402,0.03454148992720688,880.5400000000001,865.0335714285715,919.516,0.036681301921330976,0.2816793576267982,895.03,899.07,51.876919576839946,-0.3560253675518652,924.67,1.0
2017-01-23,925.5,928.27,916.74,921.01,73588600.0,14918800000,2715269.05187,392963262344.0,236692.0,1639777.0,-0.003958168860242028,0.012518865158901611,908.0185714285715,867.2942857142856,920.3453333333333,0.037629297509441835,-0.3687337548145797,924.67,921.79,52.61808755760368,4.842399949359674,892.69,0.0
2017-01-25,891.92,903.25,891.69,901.54,120831000.0,14380700000,2930146.45885,392963262344.0,305961.0,1721632.5,0.009913855873819433,0.012822503715863905,907.9714285714286,875.0649999999999,920.0266666666666,0.01886505576334378,0.08515568168551124,892.69,921.01,74.79567307692307,4.311010870084601,917.59,1.0
2017-01-27,918.36,923.22,915.85,919.75,125594000.0,14810400000,3320832.65336,392963262344.0,263332.0,1976661.18,0.0023539925238940107,0.008013047023647735,914.1485714285712,889.9599999999999,917.634,0.019019691493746035,-0.0482274663150396,917.59,901.54,71.60972968094225,6.804443671899321,921.59,1.0
2017-01-29,922.07,923.42,919.15,919.5,60851700.0,14874000000,3262229.72419,392963262344.0,241627.0,1944065.475,-0.002267819746308075,0.0046438281674823076,913.3814285714286,904.3085714285714,914.5123333333333,0.015207658053117861,-0.11783048901414328,921.59,919.75,72.55725895825637,8.287670210864917,920.38,1.0
2017-01-31,920.96,972.02,920.96,970.4,164582000.0,14859700000,2832474.91022,392963262344.0,307683.0,1817471.16,0.054347117494947694,0.052617477328936464,924.3928571428571,915.1164285714285,912.136,0.019789225195498493,1.1038946761552553,920.38,919.5,67.22369291859692,12.846290654827612,989.02,1.0
2017-02-02,990.0,1013.52,983.22,1011.8,145821000.0,15977800000,3066886.62693,392963262344.0,259559.0,2047540.5,0.023032901255788607,0.029946629768728954,950.3485714285714,930.4828571428571,909.977,0.020208926332870945,-0.028572380254480056,989.02,970.4,79.83064302725587,22.699609606181866,1029.91,1.0
2017-02-04,1031.33,1045.9,1015.16,1042.9,155064000.0,16648800000,3043000.84287,393567551403.0,286326.0,1935046.35,0.012612752570613006,0.029475501006808055,983.4157142857142,948.7678571428571,906.8003333333334,0.018610598594099866,-0.22960283786603608,1029.91,1011.8,81.997357992074,32.848198290868595,1027.34,0.0
2017-02-06,1028.4,1044.64,1028.16,1038.15,111762000.0,16605400000,2623276.58868,422170566883.0,230027.0,1694793.75,0.010522319777289013,0.01587439194721381,1015.6457142857143,964.4685714285715,915.2903333333333,0.020473364712105396,-0.02141706360325024,1027.34,1042.9,78.01320068873156,37.221373292787575,1061.35,1.0
2017-02-08,1062.32,1078.97,1037.49,1063.07,201855000.0,17156700000,3063987.05558,422170566883.0,308316.0,2002536.9,0.0016205775663071798,0.03901906741794992,1039.217142857143,988.0535714285714,925.6366666666667,0.013426578000940157,0.3825022087982084,1061.35,1038.15,91.03287100543608,42.49003689164249,994.38,0.0
2017-02-10,995.63,998.9,946.69,988.67,190452000.0,16083600000,3105959.481,422170566883.0,304456.0,1914816.0,-0.005742271566202106,0.052808318245723976,1030.837142857143,998.4614285714287,935.557,0.02885105843991038,-0.532311772506262,994.38,1063.07,63.61947672120778,33.94427428014046,1004.45,1.0
2017-02-12,1003.52,1004.76,996.92,999.18,67530000.0,16214700000,2959055.99203,422170566883.0,238182.0,1790373.935,-0.005246652396834195,0.007846434075942306,1021.3214285714286,1010.0714285714286,948.0509999999999,0.02890412452461535,-0.3396309443482852,1004.45,988.67,64.74790849189307,28.776627956642187,990.64,0.0
2017-02-14,991.74,1011.51,986.47,1004.55,137946000.0,16028000000,3546669.9479,422170566883.0,315084.0,2198282.4,0.014041427763869851,0.024926584042606108,1006.4200000000001,1017.5292857142857,959.8836666666666,0.026984522128820645,0.3711371972129176,990.64,999.18,57.064835119367764,24.011566471961714,1007.48,1.0
2017-02-16,1007.65,1033.37,1007.65,1027.44,122277000.0,16289100000,3189904.33184,422170566883.0,285329.0,2071526.4,0.019811807678564275,0.02503309195670785,1003.2014285714286,1019.965,969.7320000000001,0.011754880101837329,0.36227514889805423,1007.48,1004.55,53.503898198763345,22.989490720896242,1046.21,1.0
2017-02-18,1049.21,1061.1,1046.96,1054.42,99073500.0,16964800000,3330515.74407,432944392643.0,288149.0,2102643.2,0.007847372898366567,0.013410216042942917,1018.5600000000001,1021.9521428571427,980.2299999999999,0.011178757874314962,-0.27404853671761653,1046.21,1027.44,52.629416598192265,25.98638347052463,1047.87,0.0
2017-02-20,1048.69,1080.49,1041.69,1079.98,109478000.0,16960200000,3242870.59291,440779902286.0,282728.0,2121402.4,0.03064311412675247,0.03592659123317094,1038.2785714285715,1026.4064285714285,990.5976666666667,0.012123718274827881,0.4140187772931405,1047.87,1054.42,59.04041495569481,28.92171084534948,1115.3,1.0
2017-02-22,1114.8,1125.39,1100.55,1117.44,136100000.0,18033400000,3045669.0028,440779902286.0,284024.0,2084941.35,0.001918766251232995,0.022229381443299098,1069.8085714285714,1034.1435714285712,1003.4996666666666,0.014515582888558993,-0.27168230150533257,1115.3,1079.98,61.14641846734183,36.722126362927725,1166.72,1.0
2017-02-24,1172.71,1200.39,1131.96,1173.68,330759000.0,18974400000,3637273.77313,440779902286.0,350751.0,2628973.5,0.005965441579813602,0.058303796605548415,1107.9157142857143,1059.6685714285716,1021.7053333333333,0.0188785306610002,0.7458538748192174,1166.72,1117.44,90.98037478403394,47.6776456258649,1143.84,0.0
2017-02-26,1144.27,1167.47,1130.2,1165.2,116486000.0,18518900000,3900209.22661,440779902286.0,265203.0,2725922.6,0.01867394041124637,0.03198592516306212,1137.4514285714288,1081.4835714285714,1037.4286666666667,0.023464645531732956,-0.16772529490358024,1143.84,1173.68,82.44098796310764,50.39133283047613,1179.97,1.0
2017-02-28,1180.72,1193.25,1171.82,1179.97,184956000.0,19113600000,3352427.03186,440779902286.0,325414.0,2451281.25,0.0,0.01816147868166145,1160.9742857142858,1107.537142857143,1054.7236666666665,0.021058841729676564,0.40576119176103975,1179.97,1165.2,85.33843674456075,53.438186194969376,1222.5,1.0
2017-03-02,1224.68,1262.13,1215.62,1251.01,368275000.0,19829800000,3440072.18302,440779902286.0,329428.0,2702443.5,0.023321063394682984,0.037177960208151985,1188.0242857142857,1138.865,1074.1480000000001,0.019617320291590776,0.607787581257067,1222.5,1179.97,87.72060064113371,61.42962798687472,1274.99,1.0
2017-03-04,1277.43,1279.4,1230.51,1255.15,183270000.0,20688800000,3069265.84972,460769358090.0,268875.0,2317878.0,-0.015560906360049809,0.03895151973867673,1218.3985714285714,1169.5442857142857,1091.7920000000001,0.01678797033480115,-0.4195522250973114,1274.99,1251.01,82.0460423385165,67.43502763949414,1267.12,1.0
2017-03-06,1267.47,1276.0,1264.6,1272.83,153657000.0,20531900000,3252505.60194,460769358090.0,287731.0,2484820.8,0.004506281962245229,0.008956419946104422,1246.2242857142858,1198.98,1107.3633333333335,0.016913952990616158,0.14560826679192118,1267.12,1255.15,82.99852845556276,69.29655547411403,1223.54,0.0
2017-03-08,1223.23,1232.16,1148.08,1150.0,332603000.0,19819800000,3252505.60194,460769358090.0,297108.0,2250201.3,-0.06010428755904995,0.073113043478261,1242.0914285714284,1209.037142857143,1117.631666666667,0.03135448048059268,0.1419610239789051,1223.54,1272.83,54.31166905026749,55.15406375380621,1188.49,1.0
2017-03-10,1189.36,1270.47,1077.25,1116.72,563796000.0,19275300000,3573175.16833,460769358090.0,308482.0,2329338.9,-0.06038755058940337,0.1730245719607422,1210.55,1206.5235714285714,1123.658,0.036328661264418395,1.6558697587654216,1188.49,1150.0,43.40129749768303,39.35770867059023,1175.83,1.0
2017-03-12,1176.62,1226.98,1175.36,1221.38,227176000.0,19073300000,3550270.1993,460769358090.0,221110.0,2509817.7,0.038738593163977875,0.04226366896461389,1192.6842857142856,1212.8214285714287,1137.4633333333334,0.04843697627516267,-0.19816461951150643,1175.83,1116.72,55.791036160475,35.57058945198219,1231.92,1.0
2017-03-14,1232.16,1244.81,1220.72,1240.0,245306000.0,19978200000,3573175.16833,460769358090.0,310395.0,2657111.6,0.0065588674589258655,0.019427419354838642,1189.1914285714286,1220.82,1153.073,0.04608528900703594,-0.35492811818753167,1231.92,1221.38,56.139166717800826,36.78600658778828,1249.61,1.0
2017-03-16,1251.33,1257.98,1152.44,1187.81,638568000.0,20293700000,3504460.26124,460769358090.0,327034.0,2470016.0,-0.0494554300941894,0.08885259427012734,1203.3242857142857,1218.2421428571429,1167.8139999999999,0.041970735990470284,1.1442487533788888,1249.61,1240.0,43.541530412034,32.97510842956808,1100.23,0.0
2017-03-18,1099.69,1114.07,957.65,973.82,621302000.0,17838700000,3712647.13922,475705205061.0,263530.0,1983179.8,-0.11489415849413298,0.16062516686862044,1172.1100000000001,1185.6642857142856,1169.1183333333333,0.05525044138330475,-0.12071486090413375,1100.23,1187.81,28.669345666843554,2.9727409609938604,1036.74,1.0
2017-03-20,1037.24,1063.03,1036.68,1054.23,286530000.0,16829800000,3216051.02506,475705205061.0,277033.0,1948540.0,0.01687018924706285,0.024994545782229597,1120.3485714285714,1153.5942857142857,1168.7963333333332,0.06158042818871422,-0.2953856898349433,1036.74,973.82,34.8652690464981,-13.1750137056747,1120.54,1.0
2017-03-22,1120.65,1120.65,1014.21,1049.14,380841000.0,18187100000,3807236.87526,475705205061.0,320713.0,2248010.7,-0.063719278205151,0.10145452465829159,1074.6442857142858,1139.0328571428572,1170.1906666666666,0.07073244543928676,0.12878233266447525,1120.54,1054.23,43.157951862806286,-17.78208278991997,1038.59,0.0
2017-03-24,1038.45,1040.47,934.36,937.52,491038000.0,16857000000,4161948.38537,475705205061.0,289521.0,2189770.8,-0.09731462848669825,0.11318158545951021,1030.0828571428572,1115.5257142857142,1161.6363333333334,0.0734655375468888,0.9756900297738795,1038.59,1049.14,37.86598412827387,-33.90594706219645,972.78,1.0
2017-03-26,974.01,1007.96,954.19,966.73,303668000.0,15814800000,3925474.04529,475705205061.0,221915.0,2046573.52,-0.006219289047883381,0.05562049382971458,1019.9328571428571,1082.8328571428572,1148.2733333333333,0.05599461937383378,-0.3031989224489047,972.78,937.52,31.138992993319192,-44.24449129362665,1045.77,1.0
2017-03-28,1044.58,1064.65,1027.73,1047.15,326332000.0,16964500000,3665352.27121,475705205061.0,294001.0,2192722.65,0.0013196018244929775,0.03525760397268784,1008.24,1055.7614285714285,1141.0693333333334,0.05960017422731955,-0.1240232461379468,1045.77,966.73,36.914245389281696,-37.89264047231927,1039.97,0.0
2017-03-30,1042.21,1049.29,1020.04,1026.43,352969000.0,16929800000,4073274.0332,482855238677.0,288788.0,2262000.0,-0.01301960633479804,0.028496828814434494,1005.1928571428571,1029.26,1131.2846666666665,0.05450573479903209,0.18264211379825634,1039.97,1047.15,38.24069486140663,-34.467126234617126,1071.79,1.0
2017-04-01,1071.71,1091.72,1061.09,1080.5,289634000.0,17413000000,3278488.85599,499635929816.0,255871.0,1942180.5,0.008126591962977825,0.028347987043035733,1039.7628571428572,1034.8485714285714,1120.5773333333334,0.0347704774204159,-0.3524649721543438,1071.79,1026.43,60.135674381484435,-24.707075192909315,1102.17,1.0
2017-04-03,1102.95,1151.74,1102.95,1143.81,580444000.0,17924600000,4371318.47465,499635929816.0,288141.0,2669294.6,0.03778001578703827,0.04265568582194592,1073.1171428571429,1045.9207142857142,1111.1053333333332,0.0218640130329143,0.12885778909229528,1102.17,1080.5,58.796841857176524,-10.78550621707177,1133.25,0.0
2017-04-05,1134.14,1135.09,1113.63,1124.78,414784000.0,18435700000,4023599.95962,499635929816.0,316555.0,2485786.8,-0.007474078976395293,0.01907928661604919,1097.5328571428572,1052.2314285714285,1101.708,0.023220098382075,-0.049336480942449135,1133.25,1143.81,59.68551526326571,-1.3689285851257864,1182.68,1.0
2017-04-07,1178.94,1186.58,1163.39,1176.9,317022000.0,19168500000,4023599.95962,499635929816.0,295463.0,2599338.0,-0.004887205330266875,0.019704307927606274,1134.8700000000001,1079.622142857143,1101.2426666666665,0.023798110101125158,-0.3798741055744862,1182.68,1124.78,84.94190459508381,11.661192395327589,1175.95,0.0
2017-04-09,1176.57,1197.21,1171.86,1187.87,242343000.0,19134400000,3949088.84926,499635929816.0,238286.0,2532236.55,0.010136485394786954,0.021340719102258782,1160.7485714285715,1109.93,1103.1963333333333,0.02414791875344925,0.15780748356520413,1175.95,1176.9,85.20216491563195,19.642367764921346,1187.13,0.0
2017-04-11,1187.46,1208.07,1187.46,1205.01,216182000.0,19316000000,4147785.14356,499635929816.0,307893.0,2769337.4,0.015061534962472312,0.01710359250130696,1177.1885714285713,1131.3028571428572,1103.0273333333332,0.020393369774817108,0.0013850094727236861,1187.13,1187.87,81.2841854934602,25.812305407010854,1200.37,0.0
2017-04-13,1201.02,1205.89,1156.44,1169.28,351969000.0,19541300000,3287972.00662,517807877352.0,228679.0,2072006.75,-0.025900347392887157,0.042290982484948045,1186.0728571428572,1152.9635714285716,1099.6183333333333,0.013059461384104272,0.21914292245983757,1200.37,1205.01,76.7199132093824,26.535187084848076,1167.54,0.0
2017-04-15,1167.3,1188.0,1164.96,1172.52,203559000.0,18996500000,3909321.04724,520808749422.0,271976.0,2416965.0,0.004265378488103266,0.019649984648449463,1184.2457142857143,1166.3757142857144,1096.373,0.013135367539463235,-0.2011874722851189,1167.54,1169.28,70.91743953446085,24.111918385396393,1182.94,1.0
2017-04-17,1183.25,1194.9,1172.65,1193.91,253206000.0,19260500000,3572756.98357,520808749422.0,245184.0,2278752.4,0.00927350499602686,0.01863624561315342,1184.51,1175.7235714285714,1106.4663333333333,0.01349264875237196,0.3818949850189106,1182.94,1172.52,64.0698719388902,24.306782777926173,1211.67,1.0
2017-04-19,1212.13,1215.51,1205.08,1210.29,288061000.0,19734800000,3702204.70037,520808749422.0,310104.0,2444373.75,-0.001138923964445815,0.008617769294962416,1186.8785714285714,1187.4328571428573,1117.4993333333332,0.013340352096235672,0.06482604131241598,1211.67,1193.91,73.99943867527367,26.527638777939956,1229.08,1.0
2017-04-21,1229.42,1235.94,1215.56,1222.05,272167000.0,20020700000,4323553.74099,520808749422.0,330354.0,2983037.75,-0.005719725323005798,0.016676895380712826,1203.2085714285715,1193.972142857143,1126.881,0.00793336488615396,-0.136273912436371,1229.08,1210.29,66.0916672606743,28.82515310186227,1231.71,1.0
2017-04-23,1231.92,1232.2,1203.94,1207.21,258951000.0,20066200000,3961100.13396,520808749422.0,245039.0,2732614.9,-0.0198910457818805,0.02340934882911837,1215.1314285714286,1199.3364285714285,1142.308,0.012770288714238333,0.038629071073319476,1231.71,1222.05,55.98465156578789,28.039249711971934,1250.15,1.0
2017-04-25,1250.45,1267.58,1249.97,1265.49,242556000.0,20372300000,3831652.41717,520808749422.0,325387.0,2615123.62125,0.012270527536695441,0.013915558400303361,1230.8542857142857,1208.157857142857,1161.5123333333333,0.017634220753207825,0.02862522582122584,1250.15,1207.21,65.02683363148478,32.18328004920431,1281.08,1.0
2017-04-27,1281.88,1319.7,1281.3,1317.73,449197000.0,20889200000,3814281.6337,521839702599.0,297884.0,2725014.34977,0.028608673931370454,0.029141022819545802,1253.6314285714286,1224.5264285714288,1178.3753333333332,0.018953610432323957,0.3627268066413656,1281.08,1265.49,84.0872560275545,39.50921896404725,1316.48,0.0
2017-04-29,1317.84,1327.2,1315.21,1321.79,422706000.0,21479800000,4488916.48047,521974519553.0,341319.0,3119178.52112,0.0040334832280020105,0.00907103246355322,1279.99,1245.8271428571427,1197.437666666667,0.0185248422633925,-0.19864490065195672,1316.48,1317.73,84.30074911530858,44.942744579638884,1347.89,1.0
2017-05-01,1348.3,1434.32,1348.3,1421.6,713624000.0,21981800000,3892124.11602,521974519553.0,294786.0,2878277.98219,0.054685471366357596,0.060509285312324135,1324.58,1273.8728571428571,1218.011,0.018607571368081475,0.7274221463757065,1347.89,1321.79,88.45984932941451,56.358420375594505,1452.82,1.0
2017-05-03,1453.78,1492.77,1447.49,1490.09,583796000.0,23707100000,3425069.22209,521974519553.0,295149.0,2760373.22543,0.025653556531435306,0.030387426262843166,1381.2,1311.0835714285713,1241.242,0.018165304224173565,0.22302435590713499,1452.82,1421.6,90.50845494556405,73.07543831825888,1537.67,1.0
2017-05-05,1540.87,1618.03,1530.31,1555.45,946036000.0,25133100000,3347226.73977,521974519553.0,267193.0,2779169.81696,0.011562949137331247,0.05639525539233021,1446.7585714285713,1356.94,1269.0783333333334,0.01624025120350102,0.013375837797480417,1537.67,1490.09,93.30995063652897,90.8496935096066,1578.8,1.0
2017-05-07,1579.47,1596.72,1559.76,1596.71,1080030000.0,25768500000,4333231.51583,521974519553.0,316011.0,3505619.68821,0.011344058778819388,0.023147597246838833,1519.0200000000002,1409.5535714285713,1296.276,0.01530016940298571,0.854033268672858,1578.8,1555.45,99.6811224489796,103.91976160033414,1723.35,1.0
2017-05-09,1723.89,1833.49,1716.3,1755.36,1167920000.0,28132200000,4021861.58655,521974519553.0,332879.0,3715393.61083,0.018574288449821674,0.06676123416279285,1605.347142857143,1478.3442857142857,1333.4389999999999,0.02400748017253303,-0.128625999761251,1723.35,1596.71,99.7461258809432,129.30689295034244,1787.13,1.0
2017-05-11,1780.37,1873.93,1755.35,1848.57,799490000.0,29060600000,3757901.04949,559970892890.0,294743.0,3468076.52628,0.03437914421446675,0.06414688110269028,1692.1957142857143,1552.407857142857,1374.8909999999998,0.024387122027769166,-0.12693030534342808,1787.13,1755.36,99.76562792965088,151.0438710490289,1724.24,0.0
2017-05-13,1723.12,1812.99,1651.08,1804.91,579635000.0,28132300000,4398136.04311,559970892890.0,329266.0,3885820.58741,0.04678583027884753,0.08970530386556674,1748.6100000000001,1616.0421428571428,1413.541,0.04497497268853785,-0.21774964101788974,1724.24,1848.57,83.00992101451257,150.966188598695,1808.91,1.0
2017-05-15,1808.44,1812.8,1708.54,1738.43,731529000.0,29532600000,4732171.69195,559970892890.0,329229.0,4090703.34962,-0.03896269023887311,0.059973654389305284,1781.0785714285714,1671.6028571428571,1453.7836666666667,0.04095247446885247,0.6732289407954326,1808.91,1804.91,72.42409229244817,144.78643040849215,1734.45,0.0
2017-05-17,1726.73,1864.05,1661.91,1839.09,1064730000.0,28204800000,4314627.1309,559970892890.0,317527.0,4241263.69916,0.060330364092363586,0.10991305482602802,1785.5142857142855,1716.6478571428572,1493.6733333333334,0.046341787277559054,0.11019816588376985,1734.45,1738.43,73.37324868065043,138.50622299350925,1888.65,1.0
2017-05-19,1897.37,2004.52,1890.25,1987.71,1157290000.0,30999000000,4565153.86753,559970892890.0,319502.0,4746879.57975,0.052450162814708934,0.05748826539082662,1828.8785714285714,1772.5935714285715,1542.1533333333334,0.035886394900029,0.29404319030862514,1888.65,1839.09,76.04477971657187,150.48715568933426,2084.73,1.0
2017-05-21,2067.03,2119.08,2037.5,2041.2,1147860000.0,33779400000,4091936.69834,559970892890.0,326057.0,4331490.18988,-0.020880401778647584,0.039966686262982526,1902.037142857143,1840.4807142857142,1597.98,0.03910683050894674,0.19402581407541164,2084.73,1987.71,73.91968831057011,168.17756107500986,2173.4,1.0
2017-05-23,2191.56,2320.82,2178.5,2320.42,1378750000.0,35822600000,4976737.78165,584152236545.0,367710.0,5668946.09242,0.06764516425876499,0.0613337240671948,2047.8857142857144,1912.9885714285715,1666.4766666666667,0.031205722764117903,-0.2901164646641472,2173.4,2041.2,76.91530913594362,199.91773593077596,2443.64,1.0
2017-05-25,2446.24,2763.71,2285.3,2304.98,2406700000.0,39995400000,4828620.58577,595921917085.0,350114.0,5871333.85971,-0.05674321913211433,0.20755494624682203,2193.7257142857143,1992.482857142857,1740.9093333333333,0.04852914249321631,0.3948811276356512,2443.64,2320.42,68.73035284847789,226.84661171669404,2202.42,0.0
2017-05-27,2196.27,2260.2,1855.83,2038.87,1700480000.0,35917100000,4976737.78165,595921917085.0,331914.0,5121736.68364,-0.07425922394457019,0.19833044774801725,2217.847142857143,2043.3500000000001,1795.6586666666667,0.061540646618185944,-0.03572481683943107,2202.42,2304.98,59.14277675305593,197.97380699611813,2155.8,1.0
2017-05-29,2159.43,2307.05,2107.17,2255.61,994625000.0,35323500000,4473139.31565,595921917085.0,321638.0,5260813.81305,0.04629835791817416,0.08861460979513307,2245.9628571428575,2105.069285714286,1854.7633333333333,0.06218357875958826,-0.1329523859337134,2155.8,2038.87,68.18827633744567,186.4987334048467,2175.47,0.0
2017-05-31,2187.19,2311.08,2145.57,2286.41,1544830000.0,35786700000,4858244.02495,595921917085.0,321634.0,5808558.0762,0.05099587675306938,0.0723885917223944,2202.7942857142857,2168.522142857143,1911.1763333333333,0.057089700373567066,0.0698490965878793,2175.47,2255.61,64.86903337322164,175.65736817650532,2407.88,1.0
2017-06-02,2404.03,2488.55,2373.32,2488.55,1317030000.0,39344600000,4325022.11977,595921917085.0,271539.0,5437774.58696,0.033502500124590995,0.0463040726527496,2258.37,2241.384285714286,1976.2936666666667,0.052097742757404926,-0.20333538997568323,2407.88,2286.41,66.0760598823922,192.42528769558066,2515.35,1.0
2017-06-04,2547.79,2585.89,2452.54,2511.81,1355120000.0,41708200000,5432357.04185,628336862171.0,266044.0,5967104.60829,-0.0014073588168644902,0.053089206588077885,2377.297142857143,2305.757857142857,2040.7616666666668,0.032949432080882746,-0.10550183174362193,2515.35,2488.55,66.25584624631263,203.46905809885448,2686.81,1.0
2017-06-06,2690.84,2999.91,2690.84,2863.2,2089610000.0,44061000000,5094943.56099,678760110082.0,297416.0,6705146.00153,0.06565034371615397,0.10794565521095269,2537.1442857142856,2381.2000000000003,2119.9116666666664,0.02720902172821759,0.5260313588595715,2686.81,2511.81,67.85836491893028,240.59189410439103,2732.16,0.0
2017-06-08,2720.49,2815.3,2670.95,2805.62,1281170000.0,44557100000,5567322.43419,678760110082.0,307377.0,6905690.49109,0.026887151557741795,0.05145030331976546,2657.6428571428573,2437.5685714285714,2188.5473333333334,0.039992562101184875,-0.15585322624216746,2732.16,2863.2,67.1182383915749,251.99078678829392,2823.81,1.0
2017-06-10,2828.14,2950.99,2746.55,2947.71,2018890000.0,46331400000,4757530.08013,678760110082.0,254993.0,5916952.85643,0.04387688973408266,0.06935553361762167,2767.3028571428576,2546.8707142857143,2259.7413333333334,0.04091216543553862,0.4966381259498127,2823.81,2805.62,83.95552500224167,265.8237223291826,2958.11,1.0
2017-06-12,2953.22,2997.26,2518.56,2659.63,2569530000.0,48391200000,4959978.16864,678760110082.0,269098.0,5779114.42341,-0.10090226529777457,0.17998744186221402,2827.1771428571424,2633.0371428571425,2329.361,0.056698655489905624,0.46629194247888606,2958.11,2947.71,64.12242558129779,248.9473876274551,2717.02,1.0
2017-06-14,2716.88,2786.83,2412.94,2506.37,1696560000.0,44528300000,4723788.73204,678760110082.0,287644.0,5217092.61125,-0.07752979367100721,0.14917589980729098,2774.0385714285717,2687.430714285714,2385.2293333333337,0.05557801484780225,-0.04751852683584101,2717.02,2659.63,57.29610317239184,201.15493358199774,2464.58,0.0
2017-06-16,2469.57,2539.92,2385.15,2518.56,1195190000.0,40484100000,4993719.51673,678760110082.0,269937.0,5304593.52034,0.021902311955789733,0.06145178197064989,2681.7114285714283,2693.6242857142856,2432.2160000000003,0.05446927811231047,-0.4101497339926762,2464.58,2506.37,51.07101305486755,148.90069891158873,2655.88,1.0
2017-06-18,2655.35,2662.1,2516.33,2548.29,1178660000.0,43539300000,5129905.6443,711697198173.0,209359.0,5066179.98396,-0.040510113408738446,0.0572030655851571,2581.475714285714,2706.2678571428573,2476.4763333333335,0.05675096051229087,-0.23189813034779827,2655.88,2518.56,51.12900630114262,124.99486871608497,2589.6,1.0
2017-06-20,2591.26,2763.45,2589.82,2721.79,1854190000.0,42498000000,4882255.02698,711697198173.0,269438.0,5639440.47775,0.05104649366697567,0.06379257767865987,2572.152857142857,2689.223571428571,2515.991666666667,0.04871598104975834,0.28154460755854127,2589.6,2548.29,45.082041330189405,114.91639927861524,2689.1,0.0
2017-06-22,2691.03,2723.74,2642.36,2705.41,1097940000.0,44143700000,4917633.6866,711697198173.0,269685.0,5791396.09454,0.006065226283886727,0.030080468394808792,2632.661428571428,2678.9900000000002,2546.014666666667,0.03364689521421089,-0.3250009221802801,2689.1,2721.79,46.09223282040883,109.01532480350943,2744.91,1.0
2017-06-24,2738.52,2757.94,2583.19,2608.72,982750000.0,44932900000,5165284.30391,711697198173.0,227127.0,5333679.66825,-0.049615470088272495,0.06698687478916864,2658.2599999999998,2649.140714285714,2566.1816666666664,0.03496820375263649,0.02229332822923502,2744.91,2705.41,37.11838515264593,96.71485988358972,2589.41,0.0
2017-06-26,2590.57,2615.25,2376.29,2478.45,1663280000.0,42514000000,5023769.66545,711697198173.0,261906.0,5067818.19886,-0.04285146037128151,0.0964150981460187,2648.2557142857145,2609.863571428571,2593.734,0.03445334741652597,0.4325036603221084,2589.41,2608.72,42.03380291598515,65.1525829531447,2552.45,1.0
2017-06-28,2553.03,2603.98,2484.42,2574.79,1183870000.0,41906700000,5554449.55969,711697198173.0,279811.0,5859693.92942,0.008752375168955329,0.04643485488136895,2607.7342857142858,2602.9957142857143,2617.595,0.029819879915491097,-0.20534437739547184,2552.45,2478.45,53.54331524215934,48.4466360292804,2539.32,0.0
2017-06-30,2539.24,2559.25,2478.43,2480.84,860273000.0,41689100000,5448313.58084,711697198173.0,267360.0,5463199.23188,-0.023029787502165888,0.03257767530352629,2546.282857142857,2605.64,2636.2043333333336,0.027890043045879127,-0.09442945580902318,2539.32,2574.79,48.042878193553754,27.94597610626488,2434.55,0.0
2017-07-02,2436.4,2514.28,2394.84,2506.47,803747000.0,40010500000,6622798.79067,708707940676.0,196539.0,6165436.66014,0.029541393686718154,0.04765267487741727,2509.552857142857,2586.843571428571,2637.690666666667,0.02773482495223671,0.030558497475362767,2434.55,2480.84,47.50167272032115,9.768188593171999,2564.06,1.0
2017-07-04,2561.0,2631.59,2559.35,2601.64,985516000.0,42067900000,5389830.93071,708659466230.0,255483.0,5536124.68896,0.014656443296958699,0.02776710075183355,2528.81,2576.437142857143,2642.3086666666663,0.021215250636394532,0.02220074016296869,2564.06,2506.47,42.081119913528326,13.848104355748546,2601.99,1.0
2017-07-06,2608.1,2616.72,2581.69,2608.56,761957000.0,42851400000,5002326.74615,708659466230.0,225106.0,5092047.08025,0.00252499048804955,0.013428864967644887,2542.587142857143,2563.2971428571427,2630.9933333333333,0.01994653617236404,-0.19075561352045423,2601.99,2601.64,43.24192310376108,18.7136935360395,2518.66,0.0
2017-07-08,2520.27,2571.34,2492.31,2571.34,733330000.0,41417700000,5812562.76841,708659466230.0,220835.0,5589288.04024,0.02091588384299592,0.03073494753708191,2567.531428571429,2544.4664285714284,2616.0673333333334,0.02158097752383891,-0.20065357767284486,2518.66,2608.56,47.26530492801127,12.846623168327824,2518.44,0.0
2017-07-10,2525.25,2537.16,2321.13,2372.56,1111200000.0,41509000000,6939847.66895,708659466230.0,251722.0,6117732.90436,-0.05792474706564388,0.09105354553730981,2541.8842857142854,2531.8335714285713,2586.7166666666667,0.02836415008783685,1.1051195780667453,2518.44,2571.34,42.9589733359931,-7.098073542043494,2337.79,0.0
2017-07-12,2332.77,2423.71,2275.14,2398.84,1117410000.0,38355900000,6235294.60611,708659466230.0,257138.0,5595773.27429,0.026114407196540457,0.061934101482383215,2475.1699999999996,2503.932857142857,2557.346333333333,0.030100757645975487,-0.15969047046083507,2337.79,2372.56,38.2923226381699,-28.215718898818068,2357.9,0.0
2017-07-14,2360.59,2363.25,2183.22,2233.34,882503000.0,38823100000,5559049.84407,761764941640.0,227903.0,4133223.08758,-0.05282666779761647,0.08061020713371013,2398.6014285714286,2473.2957142857144,2536.2746666666662,0.03233122364617036,0.05591610131974112,2357.9,2398.84,34.96318258037863,-51.943373555543076,1998.86,0.0
2017-07-16,1991.98,2058.77,1843.03,1929.82,1182870000.0,32767600000,6518885.78837,804525194568.0,203165.0,4114452.06615,-0.03453968762194448,0.11179280969209564,2232.73,2400.9857142857145,2501.1259999999997,0.041222576017052814,0.19047954525325883,1998.86,2233.34,21.40455622886276,-110.84259809613604,2228.41,1.0
2017-07-18,2233.52,2387.61,2164.77,2318.88,1512450000.0,36749400000,6598872.11706,804525194568.0,260575.0,5135590.60037,0.040598453605934504,0.09609811633202242,2209.4357142857143,2356.8135714285713,2479.23,0.08321372987541518,0.25852915723605374,2228.41,1929.82,39.14282203689201,-97.3942738632677,2273.43,0.0
2017-07-20,2269.89,2900.7,2269.89,2817.6,2249260000.0,37356800000,6478892.62402,804525194568.0,230199.0,6303559.80625,0.2393607896438421,0.22388202725724018,2257.191428571429,2348.276428571429,2471.8846666666664,0.12327851823703573,0.8064894385993093,2273.43,2318.88,55.545180595051136,-42.553921145058666,2667.76,0.0
2017-07-22,2668.63,2862.42,2657.71,2810.12,1177130000.0,43929600000,6398906.29533,804525194568.0,223358.0,5890365.48029,0.05336312112034047,0.07284742288585543,2435.1457142857143,2375.9821428571427,2474.663666666667,0.10756915192355561,-0.2096881399174192,2667.76,2817.6,55.868272302777086,17.01816421683543,2730.4,0.0
2017-07-24,2732.7,2777.26,2699.19,2754.86,866474000.0,44995600000,7118783.25355,804525194568.0,240072.0,6381472.96526,0.008958394374450673,0.02833900815286445,2624.7214285714285,2418.429285714286,2479.0513333333333,0.0979629147619863,-0.1923548711830282,2730.4,2810.12,59.853600701067066,52.475227387773884,2576.48,0.0
2017-07-26,2577.77,2610.76,2450.8,2529.45,937404000.0,42455000000,5878995.15883,804525194568.0,237853.0,4829127.82765,-0.01825358628826934,0.06323904406096188,2698.095714285714,2444.807857142857,2480.3203333333336,0.1046374135644016,-0.3579820422028779,2576.48,2754.86,53.15560838660732,44.67455326323352,2671.78,1.0
2017-07-28,2679.73,2897.45,2679.73,2809.01,1380100000.0,44144400000,6414280.01815,860221984436.0,247207.0,5563273.16667,0.05136276190404909,0.07750773404153057,2697.442857142857,2508.347142857143,2492.1053333333334,0.04756167721940473,0.7489456396115088,2671.78,2529.45,63.18197430789311,66.20395131553414,2726.45,0.0
2017-07-30,2724.39,2758.53,2644.85,2757.18,705943000.0,44890700000,6285994.41778,860221984436.0,184145.0,5226926.13562,0.011271066771809446,0.04123053264567431,2689.315714285714,2619.415,2507.5543333333335,0.04352623368449504,-0.1216839648346617,2726.45,2809.01,70.75331607569281,76.09422073492306,2875.34,1.0
2017-08-01,2871.3,2921.35,2685.61,2718.26,1324670000.0,47321800000,6371518.15136,860221984436.0,131875.0,5102352.598,-0.05463006114059554,0.08672459588118861,2726.781428571429,2694.151428571429,2529.307,0.04367298232072673,0.5392847805246492,2875.34,2757.18,60.624634211226386,85.17533691849758,2710.67,0.0
2017-08-03,2709.56,2813.31,2685.14,2804.73,804797000.0,44666400000,5901137.6167,860221984436.0,213017.0,5009853.06598,0.03469990814079171,0.04569780335362052,2771.662857142858,2724.4635714285714,2540.963666666667,0.03927450774765305,-0.2649920087675236,2710.67,2718.26,49.53755937708853,83.91140537155934,2895.89,1.0
2017-08-05,2897.63,3290.01,2874.83,3252.91,1945700000.0,47778200000,7568850.42141,860221984436.0,239771.0,7255240.30508,0.12328506952957463,0.12763341131479208,2859.282857142857,2772.386428571429,2572.2386666666666,0.053866728536694275,0.9415838422544207,2895.89,2804.73,64.30653113711703,126.98107656861157,3213.94,0.0
2017-08-07,3212.78,3397.68,3180.89,3378.94,1482280000.0,52987300000,6542565.61851,860221984436.0,249002.0,6700311.56775,0.05133885511241654,0.06415917417888449,2996.4771428571435,2851.5021428571426,2622.3346666666666,0.056249432420202486,0.3413934463317738,3213.94,3252.91,68.94251198931583,178.24061853699232,3419.94,1.0
2017-08-09,3420.4,3422.76,3247.67,3342.47,1468960000.0,56424900000,6333394.73737,888074709978.0,260955.0,6117048.54897,-0.022652444194927512,0.05238341705385543,3186.9742857142855,2969.822142857143,2684.7149999999997,0.04835144018542278,-0.16191606380793722,3419.94,3378.94,76.39058401932013,212.4116604410533,3381.28,1.0
2017-08-11,3373.82,3679.72,3372.12,3650.62,2021190000.0,55668000000,6608759.72595,923233068448.0,284001.0,7130610.58667,0.07965622486159085,0.08425966000295838,3377.157142857143,3080.6157142857146,2761.224,0.0526875091921151,0.3340219522014902,3381.28,3342.47,76.82080372223459,246.9105323258009,3884.71,1.0
2017-08-13,3880.04,4208.39,3857.8,4073.26,3159090000.0,64034100000,6792336.385,923233068448.0,263310.0,8147957.3395,0.04853644158766035,0.08607110766314945,3590.174285714286,3257.354285714286,2873.4483333333333,0.035791593006688376,0.4232763708612852,3884.71,3650.62,85.0338071660544,323.04870205586576,4325.13,1.0
2017-08-15,4326.99,4455.97,3906.18,4181.93,3258050000.0,71425500000,6975913.04406,923233068448.0,311002.0,9146734.44467,-0.03310883141084775,0.13146800639895942,3834.2000000000003,3465.4585714285713,3026.0609999999997,0.04487085873905876,0.32274906722856245,4325.13,4073.26,86.62599530561074,392.6611506981103,4376.63,1.0
2017-08-17,4384.44,4484.7,4243.71,4331.69,2553360000.0,72389100000,8215055.49267,923233068448.0,347319.0,10849951.0088,-0.010268174371605654,0.05563417511410092,4117.71,3693.524285714286,3164.762,0.041923684409631436,0.12381824263657326,4376.63,4181.93,85.74143774694303,434.4697548838294,4160.62,0.0
2017-08-19,4137.75,4243.26,3970.55,4193.7,2975820000.0,68333100000,6930018.87929,923233068448.0,266832.0,8768358.08796,0.007950738111146771,0.06502849512363786,4234.708571428571,3851.0614285714287,3273.538333333333,0.04125259467714738,0.011595296613194472,4160.62,4331.69,74.86113239856455,418.1762166427843,4087.66,0.0
2017-08-21,4090.48,4109.14,3988.6,4001.74,2800890000.0,67567100000,5277828.94781,923233068448.0,236772.0,6787387.377,-0.021019360710039514,0.03012189697481606,4190.567142857143,3957.9557142857147,3360.589,0.029655930532728383,0.3275807315489365,4087.66,4193.7,66.56312497340538,371.45392621527344,4100.52,1.0
2017-08-23,4089.01,4255.78,4078.41,4151.52,2369820000.0,67553000000,7297172.1974,923233068448.0,315734.0,10230714.975,0.012437446957946685,0.04272411068716997,4146.778571428572,4064.3578571428575,3452.815,0.02310130593339665,-0.37043865428346756,4100.52,4001.74,71.16391735857152,340.3853899757364,4334.68,1.0
2017-08-25,4332.82,4455.7,4307.35,4371.6,1727970000.0,71595100000,4459277.50765,888171856257.0,208169.0,7153227.77077,0.008517353068738576,0.03393494372769683,4177.345714285714,4183.956428571429,3572.8266666666664,0.024323941792006643,-0.15202061096797936,4334.68,4151.52,69.77107693657723,339.5469422368892,4352.4,0.0
2017-08-27,4345.1,4416.59,4317.29,4382.88,1537460000.0,71809200000,6843445.68006,888171856257.0,261891.0,9642615.80417,0.007003032809484555,0.02265633556017965,4242.191428571428,4239.478571428571,3681.309666666667,0.020679739424322236,0.017100971811512267,4352.4,4371.6,60.67390165200363,327.2988946894088,4382.66,0.0
2017-08-29,4389.21,4625.68,4352.13,4579.02,2486080000.0,72553800000,6578538.10535,888171856257.0,281116.0,10384095.2116,0.04480384058996156,0.05973985699996946,4364.965714285715,4271.951428571429,3797.2446666666665,0.020179893575809696,0.2688419000372577,4382.66,4382.88,65.85987362905091,324.0566797880065,4565.3,0.0
2017-08-31,4555.59,4736.05,4549.4,4703.39,1944930000.0,75322300000,7196655.77967,888171856257.0,280724.0,11260486.7325,0.030247738374258093,0.03968414271408506,4476.75,4311.977857142857,3919.747666666667,0.018640707141735782,0.003653533555228794,4565.3,4579.02,65.96594618741622,330.28462885156705,4892.01,1.0
2017-09-02,4901.42,4975.04,4469.24,4578.77,2722140000.0,81060600000,7240807.04213,888171856257.0,236811.0,10374577.6422,-0.0640309402474647,0.11046634794934014,4583.432857142858,4391.725,4051.5936666666666,0.03709254104818272,0.04734752296966627,4892.01,4703.39,63.17154096117667,331.03124601136915,4582.96,1.0
2017-09-04,4591.63,4591.63,4108.4,4236.31,2987330000.0,75955500000,7726470.9291,888171856257.0,269280.0,10527922.2704,-0.07563888840400079,0.11406861159830145,4591.108571428572,4443.858571428572,4140.609333333333,0.04875196478805092,0.5452852539067552,4582.96,4578.77,57.23700042576036,271.4384162666529,4376.53,1.0
